sample_id,category,cluster_div,unknown_per,mag_div
WK007-1-L-48h-01H8_S50,fermented_beverages,4032,0.913194444,6
WK057-2-L-08h-04G3_S28,fermented_beverages,2910,0.741237113,3
WK016-1-L-48h-02C8_S86,fermented_beverages,3255,0.913671275,4
WK053-1-L-48h-04E4_S11,fermented_beverages,4268,0.889878163,6
WK007-2-L-08h-01H9_S51,fermented_beverages,3855,0.907392996,6
WK007-2-L-48h-01I1_S52,fermented_beverages,3239,0.838530411,4
WK016-2-L-48h-02D1_S88,fermented_beverages,4083,0.941219691,6
WK043-1-L-48h-03G5_S78,fermented_beverages,4195,0.851966627,6
WK057-2-L-48h-04G4_S29,fermented_beverages,4058,0.884672252,6
WK043-2-L-48h-03G7_S80,fermented_beverages,4337,0.930136039,7
WK006-1-L-48h-01H4_S46,fermented_beverages,4402,0.97864607,7
WK007-2-G-48h-01D1_S7,fermented_beverages,3825,0.909019608,6
WK052-2-L-48h-04E2_S9,fermented_beverages,1893,0.991019546,3
WK059-2-L-08h-04H2_S36,fermented_beverages,5379,0.79773192,7
WK057-1-L-08h-04G1_S26,fermented_beverages,1984,0.896673387,2
WK007-1-L-08h-01H7_S49,fermented_beverages,3741,0.921144079,6
WK016-2-L-08h-02C9_S87,fermented_beverages,3015,0.928358209,5
WK052-2-L-08h-04E1_S8,fermented_beverages,1414,0.874115983,1
WK016-1-L-08h-02C7_S85,fermented_beverages,3073,0.902700944,4
WK059-1-L-08h-04G9_S34,fermented_beverages,4691,0.733319122,6
WK006-2-L-48h-01H6_S48,fermented_beverages,4422,0.965174129,7
WK057-1-L-48h-04G2_S27,fermented_beverages,3628,0.886438809,5
WK059-2-G-48h-05H2_S117,fermented_beverages,4533,0.784248842,6
WK054-1-L-08h-04E7_S14,fermented_beverages,5077,0.786882017,7
WK069-2-L-48h-05D2_S81,fermented_beverages,3577,0.739446464,7
WK046-1-L-08h-03H7_S89,fermented_beverages,2395,0.558663883,3
WK001T-2-L-04h-05E3_S91,fermented_beverages,2819,0.576090812,3
WK015-2-G-48h-01D9_S15,fermented_beverages,3506,0.654592128,5
WK026-1-L-08h-02H8_S9,fermented_beverages,3665,0.692223738,5
WK030-2-L-08h-03A8_S27,fermented_beverages,4679,0.734558666,6
WK036-2-L-08h-03D5_S51,fermented_beverages,3584,0.706473214,5
WK039-2-L-08h-03E8_S63,fermented_beverages,1959,0.51352731,2
AF31,alcohol,3771,0.735879077,6
GO005_71775,dairy,5654,0.752210824,5
WK001-2-G-48h-01C4_S1,fermented_beverages,4455,0.753535354,6
WK001T-2-L-00h-05D4_S83,fermented_beverages,2841,0.580077438,3
WK005-1-L-08h-01G8_S41,fermented_beverages,2135,0.471194379,2
WK030-1-L-08h-03A6_S25,fermented_beverages,5121,0.761179457,7
WK036-1-L-48h-03D4_S50,fermented_beverages,3501,0.738360468,6
WK039-2-G-48h-04B6_S115,fermented_beverages,2708,0.645864106,3
WK045-1-L-08h-03H3_S85,fermented_beverages,4591,0.810934437,8
WK048-2-G-48h-04C6_S124,fermented_beverages,3480,0.673850575,5
WK005-2-G-48h-01C8_S5,fermented_beverages,2830,0.576678445,3
WK039-1-L-08h-03E6_S61,fermented_beverages,2254,0.648181012,3
WK039-2-L-48h-03E9_S64,fermented_beverages,3205,0.914820593,5
WK041-2-G-48h-04B8_S117,fermented_beverages,4050,0.723209877,7
WK066-1-L-48h-05B6_S67,fermented_beverages,2064,0.513081395,3
WK068-2-L-48h-05C7_S77,fermented_beverages,2258,0.472099203,2
Control2_C_shotgun,alcohol,1488,0.337365591,1
ERS1807707,fermented_beverages,3151,0.709933354,7
WK001T-1-L-04h-05E2_S90,fermented_beverages,4415,0.706228766,7
WK032-1-L-48h-03B6_S34,fermented_beverages,3364,0.691141498,5
WK066-1-L-08h-05B5_S66,fermented_beverages,1400,0.346428571,1
WK021-2-G-48h-01E6_S21,fermented_beverages,4469,0.727455807,6
WK033-1-L-48h-03C1_S38,fermented_beverages,4564,0.8985539,8
WK038-1-L-08h-03E2_S57,fermented_beverages,1522,0.344283837,1
WK066-2-G-48h-05I1_S125,fermented_beverages,2283,0.551905388,4
WK001T-1-L-16h-05F1_S98,fermented_beverages,4308,0.705431755,6
WK006-2-G-48h-01C9_S6,fermented_beverages,3550,0.658028169,4
WK032-2-L-48h-03B8_S36,fermented_beverages,3516,0.798065984,6
WK047-2-L-08h-03I4_S95,fermented_beverages,3075,0.64097561,4
WK060-2-L-08h-04H6_S40,fermented_beverages,4083,0.712711242,6
Y2D3_B_shotgun,alcohol,1910,0.339267016,3
WK005-2-L-08h-01H1_S43,fermented_beverages,2608,0.623466258,4
WK027-2-L-08h-02I5_S15,fermented_beverages,3563,0.674150996,5
WK058-1-L-48h-04G6_S31,fermented_beverages,4035,0.772986369,6
AF40,alcohol,1804,0.389689579,2
WK032-1-L-08h-03B5_S33,fermented_beverages,2674,0.593118923,3
WK035-1-L-08h-03C8_S45,fermented_beverages,3210,0.656697819,3
WK048-1-L-48h-03I7_S98,fermented_beverages,5090,1.010412574,10
WK063-1-L-08h-04I7_S50,fermented_beverages,2992,0.615641711,4
WK068-2-L-08h-05C6_S76,fermented_beverages,2162,0.457446809,2
AF55,alcohol,3060,0.533660131,8
WK001T-1-L-00h-05D3_S82,fermented_beverages,3616,0.659845133,5
WK004-2-L-08h-01G6_S39,fermented_beverages,3349,0.790683786,6
WK024-2-G-48h-01E9_S24,fermented_beverages,4403,0.748807631,7
WK060-1-L-48h-04H5_S39,fermented_beverages,3942,0.662354135,5
T2D1_A_shotgun,alcohol,2694,0.530066815,4
AF64,dairy,2223,0.634278003,6
WK044-2-G-48h-04C2_S120,fermented_beverages,2965,0.66306914,4
WK046-2-G-48h-04C4_S122,fermented_beverages,2998,0.634756504,3
Control2_A_shotgun,alcohol,1545,0.338511327,1
T2D3_A_shotgun,alcohol,2728,0.534090909,3
T2D3_B_shotgun,alcohol,2444,0.576513912,2
WK026-2-L-08h-02I1_S11,fermented_beverages,4008,0.785928144,6
WK031-1-L-08h-03B1_S29,fermented_beverages,3664,0.655021834,5
WK035-2-L-08h-03D1_S47,fermented_beverages,3167,0.666877171,4
WK045-1-L-48h-03H4_S86,fermented_beverages,4873,0.840755182,8
WK045-2-G-48h-04C3_S121,fermented_beverages,4660,0.777896996,7
Y2D1_A_shotgun,alcohol,2646,0.614134543,4
WK022-2-G-48h-01E7_S22,fermented_beverages,3278,0.686089079,4
WK031-1-L-48h-03B2_S30,fermented_beverages,3434,0.695690157,5
WK034-2-G-48h-04B1_S110,fermented_beverages,4868,0.745069844,6
WK063-1-L-48h-04I8_S51,fermented_beverages,3747,0.651988257,5
WK068-1-L-08h-05C4_S74,fermented_beverages,1820,0.407142857,2
SRS6087094,fermented_beverages,1981,0.782433115,7
WK044-2-L-08h-03H1_S83,fermented_beverages,2905,0.709466437,4
WK046-1-L-48h-03H8_S90,fermented_beverages,2523,0.574712644,3
WK058-2-G-48h-05H1_S116,fermented_beverages,2725,0.551559633,3
WK001T-2-L-02h-05D8_S87,fermented_beverages,2813,0.580519019,3
WK038-2-L-08h-03E4_S59,fermented_beverages,1536,0.34375,1
WK044-1-L-08h-03G8_S81,fermented_beverages,4060,0.778325123,6
WK046-2-L-08h-03H9_S91,fermented_beverages,2419,0.512608516,3
WK067-2-L-08h-05C2_S72,fermented_beverages,1392,0.545258621,2
Y1D1_B_shotgun,alcohol,1679,0.371054199,2
WK045-2-L-08h-03H5_S87,fermented_beverages,4903,0.824801142,8
WK050-2-G-48h-04D2_S129,fermented_beverages,4015,0.859028643,7
WK001T-1-G-00h-05I5_S129,fermented_beverages,3418,0.668227033,4
WK005-1-L-48h-01G9_S42,fermented_beverages,3361,0.665278191,4
WK054-2-L-08h-04E9_S16,fermented_beverages,5073,0.754977331,8
WK024-1-L-08h-02G6_S120,fermented_beverages,2488,0.60329582,4
WK044-1-L-48h-03G9_S82,fermented_beverages,4652,0.909071367,8
WK044-2-L-48h-03H2_S84,fermented_beverages,4542,0.926904447,8
WK051-2-G-48h-04D3_S1,fermented_beverages,4059,0.756590293,6
WK064-2-L-08h-05A4_S56,fermented_beverages,5535,0.946522132,10
Y3D3_A_shotgun,alcohol,1776,0.322072072,2
AF32,alcohol,1436,0.332172702,1
WK001T-1-L-02h-05D7_S86,fermented_beverages,3170,0.624921136,4
WK001T-1-L-08h-05E6_S94,fermented_beverages,3938,0.673184358,5
WK036-1-L-08h-03D3_S49,fermented_beverages,3250,0.659384615,4
WK047-1-L-08h-03I2_S93,fermented_beverages,3529,0.718900538,5
WK063-2-L-48h-05A1_S53,fermented_beverages,4758,0.776586801,7
AF67,alcohol,2507,0.508177104,5
WK035-2-G-48h-04B2_S111,fermented_beverages,1666,0.395558223,2
WK036-2-L-48h-03D6_S52,fermented_beverages,3256,0.675982801,4
WK058-2-L-08h-04G7_S32,fermented_beverages,4911,0.725921401,6
WK068-1-L-48h-05C5_S75,fermented_beverages,2231,0.471089198,2
WK001T-2-L-16h-05F2_S99,fermented_beverages,3820,0.673560209,5
WK026-1-L-48h-02H9_S10,fermented_beverages,4126,0.702859913,6
WK030-1-L-48h-03A7_S26,fermented_beverages,4791,0.712794824,6
WK041-1-L-08h-03F5_S69,fermented_beverages,3424,0.639602804,5
WK060-2-G-48h-05H3_S118,fermented_beverages,3170,0.655205047,4
DRS139335,alcohol,4404,0.78746594,12
AF39,alcohol,2930,0.509897611,6
WK031-2-G-48h-04A7_S107,fermented_beverages,3453,0.685201274,5
WK031-2-L-08h-03B3_S31,fermented_beverages,4022,0.70909995,6
Y3D1_B_shotgun,alcohol,1600,0.35625,2
SRS5653152,fermented_grains_legumes_and_seeds,1929,0.560393987,4
WK003-2-G-48h-01C6_S3,fermented_beverages,3247,0.672928857,5
WK030-2-G-48h-04A6_S106,fermented_beverages,4281,0.725765008,6
WK033-2-L-08h-03C2_S39,fermented_beverages,4946,0.821269713,8
WK062-2-G-48h-05H5_S120,fermented_beverages,4185,0.816487455,6
WK063-2-G-48h-05H6_S121,fermented_beverages,2753,0.583363603,3
Y1D1_A_shotgun,alcohol,1673,0.360430365,2
WK067-2-G-48h-05I2_S126,fermented_beverages,2071,0.572187349,3
DRS139334,alcohol,4081,0.808135261,9
WK015-2-L-08h-02C5_S83,fermented_beverages,3594,0.682526433,6
WK031-2-L-48h-03B4_S32,fermented_beverages,3513,0.678052946,5
WK047-2-G-48h-04C5_S123,fermented_beverages,3814,0.690351337,5
WK060-2-L-48h-04H7_S41,fermented_beverages,4556,0.75548727,7
WK066-2-L-48h-05B8_S69,fermented_beverages,1999,0.536268134,3
Y3D3_B_shotgun,alcohol,1933,0.323848939,3
B3D,alcohol,1261,0.348929421,1
Old_Warehouse_metagenome,alcohol,3397,0.661465999,5
GO003_71775,dairy,5070,0.668441815,6
WK024-2-L-08h-02G8_S122,fermented_beverages,3015,0.618905473,5
WK035-2-L-48h-03D2_S48,fermented_beverages,3225,0.668527132,4
WK038-2-G-48h-04B5_S114,fermented_beverages,2205,0.458503401,2
WK063-2-L-08h-04I9_S52,fermented_beverages,2995,0.630383973,4
WK001-1-L-08h-01F1_S25,fermented_beverages,3809,0.755841428,6
WK001T-1-L-48h-05F9_S106,fermented_beverages,3768,0.827494692,6
WK001T-2-L-08h-05E7_S95,fermented_beverages,3823,0.672246926,5
WK016-2-G-48h-01E1_S16,fermented_beverages,4678,0.827490381,8
WK022-1-L-08h-02F7_S112,fermented_beverages,3561,0.750070205,5
WK032-2-L-08h-03B7_S35,fermented_beverages,2558,0.602423769,3
WK041-2-L-08h-03F7_S71,fermented_beverages,3247,0.645826917,6
WK048-2-L-08h-03I8_S99,fermented_beverages,3636,0.70709571,6
WK027-2-G-48h-04A3_S103,fermented_beverages,3985,0.684065245,5
WK030-2-L-48h-03A9_S28,fermented_beverages,4637,0.725900367,6
WK050-1-L-08h-04C7_S125,fermented_beverages,5143,0.901808283,9
WK068-2-G-48h-05I3_S127,fermented_beverages,1901,0.437664387,2
WK005-2-L-48h-01H2_S44,fermented_beverages,2297,0.650413583,3
WK045-2-L-48h-03H6_S88,fermented_beverages,4016,0.825946215,7
WK058-1-L-08h-04G5_S30,fermented_beverages,3729,0.761866452,4
Y3D1_A_shotgun,alcohol,1925,0.333506494,3
AF29,fermented_grains_legumes_and_seeds,2378,0.624053827,9
GO004_71775,dairy,6864,0.771561772,16
WK001T-2-G-00h-05I6_S130,fermented_beverages,3464,0.668591224,4
WK027-1-L-08h-02I3_S13,fermented_beverages,4726,0.742699958,8
GO202_71775,dairy,4120,0.690048544,4
WK015-1-L-08h-02C3_S81,fermented_beverages,2872,0.616643454,5
WK032-2-G-48h-04A8_S108,fermented_beverages,3014,0.635700066,4
WK038-1-L-48h-03E3_S58,fermented_beverages,2715,0.667034991,4
WK038-2-L-48h-03E5_S60,fermented_beverages,2571,0.655775963,4
T2D1_B_shotgun,alcohol,2316,0.556994819,2
Y2D3_A_shotgun,alcohol,1604,0.367206983,2
AS006_71775,dairy,2291,0.846355303,7
Y2D1_B_shotgun,alcohol,2917,0.610215975,6
T1D1_B_shotgun,alcohol,1239,1.168684423,4
T1D1_A_shotgun,alcohol,1201,1.298917569,5
WK011-1-L-08h-02A5_S65,fermented_beverages,3599,0.935815504,6
Control1_C_shotgun,alcohol,2475,0.918383838,2
Control1_A_shotgun,alcohol,2508,0.920255183,2
AF26,fermented_grains_legumes_and_seeds,1949,0.908671113,9
ERS1807706,fermented_beverages,3135,0.645295056,5
ERS3967714,fermented_beverages,1655,0.482779456,3
GO011_71775,dairy,6387,0.743228433,7
WK069-1-L-08h-05C8_S78,fermented_beverages,2404,0.488768719,5
WK069-2-L-08h-05D1_S80,fermented_beverages,1872,0.454059829,2
WK069-1-L-48h-05C9_S79,fermented_beverages,3453,0.737329858,7
GO102_71775,dairy,5966,0.84797184,9
AF28,alcohol,1423,0.332396346,1
WK060-1-L-08h-04H4_S38,fermented_beverages,3172,0.630517024,5
WK055-1-L-08h-04F2_S18,fermented_beverages,3835,0.771056063,6
AF77,alcohol,1381,0.328023172,1
TGS05-28_0,dairy,2489,0.254319004,3
GO013_71775,dairy,8499,0.824802918,12
SAMC044639,fermented_grains_legumes_and_seeds,6833,0.776818381,17
DF_26,dairy,5222,0.884527001,6
O-29,dairy,6115,0.834832379,7
P2588,dairy,9184,0.964176829,16
O-30,dairy,7817,0.844697454,12
ERS3466788,dairy,2619,0.950362734,3
C08-18,fermented_meat,3138,0.953792224,4
P2217_73323,dairy,5650,0.83539823,7
TGS15-28,dairy,8772,0.914842681,9
O-25.1,dairy,11795,0.761933022,19
Q08-29,dairy,4564,1.044478528,8
C02-19,fermented_meat,4801,0.888148302,6
TGS09-24,dairy,2828,0.890735502,2
Q06-30,dairy,6033,0.841372452,8
C04-18,fermented_meat,4136,0.989845261,5
P2620,dairy,6926,0.828905573,10
TGS14-30,dairy,9419,0.92907952,13
Q04-29,dairy,6257,0.872942305,7
Q01-29,dairy,5132,1.061379579,10
Q08-30,dairy,5017,1.038867849,10
623_Maggies_Round,dairy,3546,0.833333333,3
Q07-29,dairy,5792,0.916263812,11
Q03-30,dairy,5668,0.919371912,7
CSB619,dairy,4634,0.883470004,3
TGS09-26,dairy,3451,0.834540713,3
581_Moses_Sleeper,dairy,3132,0.868773946,3
Q07-30,dairy,5554,1.036550234,11
Q02-27,dairy,9365,0.942338494,11
P2219_73323,dairy,5550,0.834414414,7
P2560,dairy,6627,0.908706805,8
P2598,dairy,8969,0.947039804,12
VB-09-M7,dairy,13801,0.991377436,30
F06-19,fermented_meat,6400,0.9396875,6
Q03-29,dairy,3724,0.926691729,4
F05-18,fermented_meat,4195,0.979976162,7
Q01-30,dairy,4499,1.031340298,9
Q04-30,dairy,8636,0.781843446,10
F05-19,fermented_meat,3494,0.903548941,7
DS_10,fermented_meat,2032,0.855314961,5
DS_98,fermented_meat,1975,0.790379747,4
DF_95,dairy,2235,0.824608501,6
DS_91,fermented_meat,3642,0.843218012,9
DF_5,dairy,5329,0.863951961,13
DS_69,fermented_meat,3910,0.939386189,9
DS_65,fermented_meat,1266,0.815955766,2
DS_84,fermented_meat,1610,0.816149068,3
SA009_71775,fermented_meat,4564,0.893952673,9
DS_110,fermented_meat,4122,0.950509461,8
DS_1,fermented_meat,5114,1.010559249,10
DS_19,fermented_meat,1231,0.829406986,2
DS_82,fermented_meat,3579,0.863649064,5
TGS01-30,dairy,3039,0.920368542,9
F02-18,fermented_meat,1344,0.826636905,5
Q03-27,dairy,2597,0.901039661,6
DS_56,fermented_meat,1523,0.979645437,5
DS_106,fermented_meat,1356,0.890855457,5
Q03-28,dairy,3310,0.86978852,7
DS_116,fermented_meat,1813,0.926640927,5
DF_121,dairy,5273,0.790441874,11
SRS3379159,fermented_fruits_and_vegetables,1439,0.46143155,3
PR107_71775,dairy,2242,0.744424621,5
ERS3466758,dairy,2046,0.73313783,4
SP109_71775,fermented_meat,3506,1.005704507,8
DS_83,fermented_meat,3771,0.854945638,7
DS_51,fermented_meat,2459,0.807238715,5
DS_50,fermented_meat,2632,0.814589666,6
SC109_71775,fermented_meat,4691,0.939032189,10
DS_66,fermented_meat,3510,0.97977208,11
DS_53,fermented_meat,1714,0.930571762,5
ERS3466751,dairy,4811,0.758262316,7
DS_68,fermented_meat,2716,0.855301915,8
SS007_71775,fermented_meat,2070,0.849758454,6
DS_72,fermented_meat,1137,0.744063325,3
ERS3466743,dairy,2926,0.518113465,5
FI010_71775,fermented_meat,4341,0.900714121,12
DS_64,fermented_meat,2070,0.772463768,5
DS_97,fermented_meat,4126,0.86839554,10
F06-18,fermented_meat,494,0.896761134,2
P2170_73322,dairy,892,0.662556054,2
DS_2,fermented_meat,3467,1.128929911,9
DS_63,fermented_meat,2181,0.844566713,5
DS_87,fermented_meat,2055,0.832603406,5
DS_112,fermented_meat,5365,0.728424977,13
DS_70,fermented_meat,1373,0.714493809,4
DF_28,dairy,4199,0.789473684,8
FI109_71775,fermented_meat,1978,1.217896866,6
Q04-28,dairy,2807,0.737798361,6
Q05-27,dairy,2845,0.801054482,6
injera_E1,fermented_grains_legumes_and_seeds,2406,0.983790524,6
V-23.1,dairy,4198,0.971176751,11
TGS08-29,dairy,16794,0.927414553,31
FI009_71775,fermented_meat,1566,0.651979566,4
ERS3466742,dairy,2296,0.617160279,4
R03-19,fermented_meat,2942,0.937797417,11
P2567,dairy,4384,0.809990876,7
V-24.1,dairy,3810,0.826771654,8
DS_78,fermented_meat,2591,0.887688151,5
P2245_73323,dairy,8733,0.851024848,11
P2248_73323,dairy,5536,0.866148844,8
P2628,dairy,6969,0.915482853,16
SRS2870592,dairy,1980,0.487878788,3
ERS3466739,dairy,1081,0.62719704,2
DF_47,dairy,1518,0.645586298,3
P2167_73322,dairy,2353,0.762855929,4
P2250_73323,dairy,9979,0.914420283,14
TA003_71775,dairy,6555,0.923417239,11
V-30,dairy,7365,0.906042091,13
DF_7,dairy,5147,0.908878959,11
AF63,fermented_tubers_and_roots,2234,0.75828111,6
DC18-F-BR,dairy,2711,0.740317226,8
PT008_71775,dairy,3528,0.749433107,8
V-26.1,dairy,7781,0.925587971,16
SRS2870594,dairy,771,0.680933852,2
DS_49,fermented_meat,620,0.982258065,2
P2630,dairy,6154,0.857166071,15
R03-18,fermented_meat,1462,0.878932969,4
FO013_71775,dairy,4016,0.858316733,8
DS_57,fermented_meat,1438,0.76216968,4
DC18-F-AR,dairy,2870,0.783972125,9
MV011_71775,dairy,4960,0.824596774,12
DF_8,dairy,5439,0.867438867,6
TGS01-29,dairy,2293,0.862189272,7
Q04-27,dairy,3547,0.787425994,8
SRS1779545,fermented_meat,2457,0.787952788,5
P2644,dairy,1054,0.746679317,3
SF011_73417,fermented_meat,1365,0.665934066,4
Q07-27,dairy,3663,0.960687961,8
SF013_71775,fermented_meat,6269,1.049449673,12
SRS2870579,dairy,1434,0.458158996,2
SRS2870593,dairy,1724,0.466357309,3
V-27,dairy,2944,0.797554348,7
DS_108,fermented_meat,1608,0.763059701,4
DS_71,fermented_meat,1366,0.813323572,4
V-25.1,dairy,7666,0.89629533,13
SRS2870597,dairy,1654,0.441958888,2
ERS3466748,dairy,2054,0.622687439,3
P2599,dairy,12327,1.00859901,25
V-28,dairy,4250,0.934352941,10
SRS2870596,dairy,433,0.741339492,1
SRS2870595,dairy,488,0.743852459,1
F03-19,fermented_meat,1365,0.868131868,6
DF_67,dairy,3948,0.759625127,10
SR008_71775,fermented_meat,3926,0.994905756,13
TGS12-29,dairy,5443,0.965827669,12
F07-19,fermented_meat,2216,0.826263538,2
DS_3,fermented_meat,816,0.720588235,3
F02-19,fermented_meat,1380,0.802898551,4
F04-18,fermented_meat,398,0.650753769,1
C05-18,fermented_meat,1988,1.059356137,7
F07-18,fermented_meat,3723,0.730325007,5
DS_20,fermented_meat,1930,0.639896373,3
DS_105,fermented_meat,3497,0.972261939,7
DS_12,fermented_meat,4047,0.854212997,8
DS_21,fermented_meat,1175,0.666382979,4
DS_27,fermented_meat,2896,0.863950276,5
ERS3967707,fermented_grains_legumes_and_seeds,2173,0.511274735,4
ERS3967742,fermented_fruits_and_vegetables,887,0.678692221,3
DS_93,fermented_meat,1047,0.790830946,3
SRS1779555,fermented_meat,470,0.674468085,1
DS_120,fermented_meat,1539,0.758934373,4
F03-18,fermented_meat,1696,0.727004717,5
ST007_71775,fermented_meat,2263,0.690234202,5
SRS2870567,dairy,1521,0.466798159,3
DS_55,fermented_meat,2100,0.731428571,5
P2611,dairy,2641,0.925785687,9
P2624,dairy,5407,0.864434992,14
P2627,dairy,4978,0.880273202,12
SRS1779551,fermented_meat,273,0.688644689,1
DS_103,fermented_meat,3642,0.597199341,8
SRS1779548,fermented_meat,277,0.685920578,1
TO013_71775,dairy,5146,0.903614458,12
ERS3466740,dairy,1554,0.617760618,3
Q03-26,dairy,1781,0.763615946,4
Q04-25,dairy,4085,0.716768666,7
M-26.1,dairy,2238,0.704200179,5
O-26.1,dairy,5397,0.790994997,10
M-25.1,dairy,860,0.719767442,2
I-25,dairy,1781,0.663110612,3
Q01-27,dairy,2281,0.619903551,4
I-25.1,dairy,1297,0.759444873,2
M-30,dairy,2136,0.636235955,3
O-26,dairy,1795,0.673537604,4
M-26,dairy,691,0.742402315,1
Q04-26,dairy,3529,0.704448852,5
Q08-26,dairy,4174,0.745328222,8
Q01-25,dairy,2219,0.753041911,5
V-26,dairy,3430,0.774344023,7
Q01-23X,dairy,2467,0.738954195,5
Q08-25,dairy,3684,0.845276873,8
M-29,dairy,2610,0.734099617,7
O-25,dairy,1590,0.667295597,3
P2183_73322,dairy,610,0.767213115,1
I-26.1,dairy,1224,0.742647059,3
SRS3379170,fermented_fruits_and_vegetables,670,0.962686567,3
SRS5653391,fermented_grains_legumes_and_seeds,1253,0.820430966,3
ERS3967692,fermented_grains_legumes_and_seeds,2400,0.919583333,7
ERS3967712,fermented_fruits_and_vegetables,778,0.708226221,4
SRS974112,dairy,5421,0.908503966,18
SRS5652990,fermented_grains_legumes_and_seeds,592,0.822635135,3
SRS5653137,fermented_grains_legumes_and_seeds,1661,0.826610476,4
Q07-28,dairy,3395,0.955228277,7
DF_101,dairy,5049,0.934244405,13
DF_79,dairy,6678,0.874213836,14
P2631,dairy,5664,0.911723164,13
AS001_71775,dairy,3940,0.861675127,9
S-28.0,dairy,1176,0.767857143,3
Q11,dairy,1374,0.770742358,3
DF_117,dairy,2756,0.74383164,5
P2550,dairy,4812,0.892560266,7
WK026-2-G-48h-04A2_S102,fermented_beverages,2794,0.916607015,5
WK054-2-G-48h-05G6_S112,fermented_beverages,2927,0.913221729,5
S8,dairy,1716,0.735431235,3
P2618,dairy,8538,0.868470368,16
VB15-27,dairy,1244,0.84244373,3
PU007_71775,dairy,11781,0.941770648,26
G9,dairy,1633,0.914268218,4
k5,dairy,1637,0.890042761,3
PR102_71775,dairy,6802,0.87650691,12
PR207_71775,dairy,4977,1.076953988,12
WK025-1-L-48h-02H5_S6,fermented_beverages,4451,0.938665468,9
WK029-2-G-48h-04A5_S105,fermented_beverages,2185,0.910297483,4
D8,dairy,2548,0.689952904,4
N10,dairy,1719,0.777777778,4
P2577,dairy,3216,0.777052239,5
PR004_71775,dairy,3072,0.882161458,7
M-27,dairy,3340,0.927844311,9
O-27,dairy,3031,0.931045859,8
WK055-2-G-48h-05G7_S113,fermented_beverages,3469,1.127990775,7
D7,dairy,1594,0.880175659,4
O7,dairy,1497,0.841683367,4
S6,dairy,1698,0.736160188,3
SRS6087091,fermented_beverages,1807,0.802988379,6
P2625,dairy,5260,0.844296578,13
VB16-28,dairy,2728,0.879398827,6
CM008_71775,dairy,2757,0.9390642,8
PR005_71775,dairy,1754,0.950969213,6
WK015-1-L-48h-02C4_S82,fermented_beverages,3081,0.907822136,6
DF_109,dairy,1044,0.840038314,2
DF_16,dairy,4212,0.583808167,8
P2545,dairy,4182,0.918460067,10
P2621,dairy,4860,0.828600823,12
VB04-27,dairy,2350,0.944680851,6
CF008_71775,dairy,3235,0.845749614,8
R1,dairy,1364,0.818914956,3
SRS5652995,fermented_grains_legumes_and_seeds,1469,0.871341048,5
P2597,dairy,4939,0.902611865,11
VB03-28,dairy,2374,0.833192923,5
PB007_73417,dairy,6501,0.670358406,15
PM001_71775,dairy,2865,0.910645724,9
I-28,dairy,2001,1.048975512,5
S-27.0,dairy,1041,0.76753122,3
P2559,dairy,3398,0.856091819,8
VB04-28,dairy,1605,0.752024922,4
I-30,dairy,3296,0.835558252,7
T5,dairy,2907,0.798417613,5
P2549,dairy,7109,1.008580672,15
P2619,dairy,7162,0.810946663,20
TGS07-23,dairy,3152,0.939403553,7
WK025-1-L-08h-02H4_S5,fermented_beverages,4159,0.911517192,8
SRS6087089,fermented_beverages,1905,0.815748031,6
P2581,dairy,6145,0.911472742,8
P2638,dairy,3613,0.964849156,5
TGS10-30,dairy,2819,0.920184463,8
R4,dairy,2971,0.872433524,6
ERS3967690,fermented_grains_legumes_and_seeds,2780,0.888129496,6
P2629,dairy,5546,0.858456545,13
WK018T-1-G-00h-05I7_S131,fermented_beverages,1894,0.834741288,3
T2,dairy,1773,0.842639594,4
DF_4,dairy,5213,0.95607136,12
ERS3967722,fermented_fruits_and_vegetables,2059,0.846041768,6
PU010_71775,dairy,8717,0.96420787,20
WK033-2-G-48h-04A9_S109,fermented_beverages,3600,0.901944444,6
P2614,dairy,11216,0.968972896,21
GR001_73417,dairy,3078,0.827810266,9
MO002_71775,dairy,4105,0.925943971,7
PM013_71775,dairy,2768,0.927384393,8
PS007_71775,dairy,3887,0.830717777,7
I-29,dairy,5536,0.757406069,9
DF_92,dairy,3184,0.777324121,9
CS001_71775,dairy,4905,0.628542304,10
M-28,dairy,2495,1.012825651,8
WK057-2-G-48h-05G9_S115,fermented_beverages,1954,0.914022518,3
P2218_73323,dairy,1933,0.813243663,4
P2544,dairy,4632,0.94775475,9
P2601,dairy,4505,0.88590455,11
MO013_71775,dairy,1455,0.828178694,5
PM005_71775,dairy,3993,0.775106436,9
WK025-2-G-48h-04A1_S101,fermented_beverages,3324,0.970517449,7
WK027-1-L-48h-02I4_S14,fermented_beverages,2139,0.919588593,4
WK036-2-G-48h-04B3_S112,fermented_beverages,1961,0.909229985,3
WK053-2-G-48h-05G5_S111,fermented_beverages,3205,0.903276131,6
WK056-2-L-08h-04F8_S24,fermented_beverages,4831,0.867108259,8
DF_61,dairy,1451,0.794624397,4
SRS5653155,fermented_grains_legumes_and_seeds,2226,1.094339623,5
P2607,dairy,1772,0.74717833,4
ERS3967740,fermented_grains_legumes_and_seeds,1963,0.831889964,7
WK017-2-G-48h-01E2_S17,fermented_beverages,3490,0.930659026,7
WK056-2-L-48h-04F9_S25,fermented_beverages,3509,1.085779424,7
DF_54,dairy,3884,0.853501545,6
SRS5653374,fermented_grains_legumes_and_seeds,752,1.281914894,3
P2246_73323,dairy,5560,0.873201439,8
P2551,dairy,6405,0.952380952,11
CS007_71775,dairy,2049,1.016105417,6
FO005_71775,dairy,8367,0.889924704,15
GR111_73417,dairy,1420,0.8,3
ERS1354646,dairy,689,0.785195936,2
DF_104,dairy,2866,0.874389393,9
PM003_71775,dairy,4352,0.956801471,9
PV005_71775,dairy,2082,0.799711816,6
WK056-1-L-48h-04F7_S23,fermented_beverages,2706,1.137472284,6
C2,dairy,904,0.830752212,2
G7,dairy,918,0.834422658,2
L4,dairy,3317,0.732288212,5
S7,dairy,1723,0.735925711,3
P2243_73323,dairy,8742,0.888927019,12
P2249_73323,dairy,8238,0.844136926,14
P2626,dairy,4758,0.843421606,10
DF_96,dairy,3654,0.933223864,10
SRS5652903,fermented_grains_legumes_and_seeds,2079,0.818181818,4
P2220_73323,dairy,2014,0.785998014,4
TGS10-28,dairy,2947,0.982354937,7
DF_86,dairy,1743,0.893287435,4
ERS3967744,fermented_beverages,1075,0.949767442,2
VB02-28,dairy,1324,0.988670695,4
T4,dairy,2645,0.79168242,5
P2605,dairy,2171,0.818516813,6
P2616,dairy,10300,0.854563107,13
WK056-2-G-48h-05G8_S114,fermented_beverages,3254,1.060540873,6
V11,dairy,1709,0.733762434,3
P2575,dairy,1679,0.752829065,4
P2615,dairy,4015,0.804732254,10
FO001_71775,dairy,2991,0.727850217,6
FO007_71775,dairy,8565,0.88056042,23
PM007_71775,dairy,2430,0.859259259,9
M-23.1,dairy,2546,0.770227808,6
WK013-2-G-48h-01D7_S13,fermented_beverages,2957,0.889076767,5
D6,dairy,1037,0.942140791,3
P2565,dairy,4579,0.815025115,8
WK018T-2-G-00h-05I8_S132,fermented_beverages,1736,0.84562212,3
WK025-2-L-48h-02H7_S8,fermented_beverages,3818,0.931901519,8
TGS10-29,dairy,1052,0.797528517,2
WK025-2-L-08h-02H6_S7,fermented_beverages,3827,0.891559969,7
M-24.1,dairy,2876,0.903337969,8
WK009-2-G-48h-01D3_S9,fermented_beverages,4691,0.845235557,7
J8,dairy,1744,0.822821101,3
V7,dairy,2200,0.789090909,4
DF_37,dairy,4857,0.930615606,9
P2548,dairy,6120,0.944444444,12
PM012_71775,dairy,3378,0.825044405,11
DF_30,dairy,2819,0.816601632,6
P2609,dairy,2583,0.801780875,7
MO005_73417,dairy,3397,0.885781572,8
WK027-2-L-48h-02I6_S16,fermented_beverages,902,0.94345898,2
DF_102,dairy,4509,0.758261255,11
ERS3967735,fermented_tubers_and_roots,2449,0.772151899,5
FO011_71775,dairy,4162,0.899086977,10
k4,dairy,1377,0.756717502,3
S9,dairy,1636,0.732273839,3
DF_39,dairy,3319,0.832479663,8
DF_75,dairy,3318,0.680831826,10
k2,dairy,962,0.77962578,2
Q02-29,dairy,7402,0.890705215,9
SRS6087088,fermented_beverages,2166,0.753462604,6
Q02-28,dairy,5413,0.769628672,10
V-29,dairy,7860,0.940330789,13
ERS3967699,fermented_fruits_and_vegetables,3450,0.917101449,5
Q04-21,dairy,3660,0.854371585,7
ERS3967704,fermented_fruits_and_vegetables,1464,0.632513661,2
ERS3967711,fermented_fruits_and_vegetables,2638,0.639499621,7
ERS3967741,fermented_beverages,4910,0.788594705,9
Q02-25,dairy,2731,0.588795313,5
DF_115,dairy,3833,0.764675189,9
Q02-30,dairy,4622,0.841627001,9
ERS3967698,fermented_grains_legumes_and_seeds,1843,0.6017363,3
SRS2870591,dairy,1114,0.373429084,2
Q02-24,dairy,2515,0.578131213,5
P2584,dairy,10964,0.79350602,20
P2587,dairy,5561,0.688904873,10
SRS2870569,dairy,2117,0.40198394,3
Q02-26,dairy,2338,0.585970915,5
AF45,fermented_tubers_and_roots,1216,0.525493421,6
SRS1050146,fermented_fruits_and_vegetables,855,0.494736842,6
932_Robiola_due_Latte,dairy,2156,0.870593692,4
TGS04-28,dairy,9908,0.94045216,18
Q06-23,dairy,2191,0.501597444,4
P2586,dairy,6908,0.762883613,14
TGS05-21,dairy,1283,0.143413874,1
ERS3466733,dairy,2328,0.652491409,4
Q03-21,dairy,2694,0.572383073,5
AF74,fermented_grains_legumes_and_seeds,1482,0.663967611,3
AF84,fermented_tubers_and_roots,3499,0.627893684,10
TGS05-27_0,dairy,1524,0.269685039,3
TGS05-30_0,dairy,1043,0.15915628,2
SRS2870600,dairy,1998,0.446446446,3
SRS2870602,dairy,1441,0.314365024,2
ERS3466746,dairy,3531,0.612291136,5
C05-19,fermented_meat,1232,0.775162338,3
Q05-21,dairy,1866,0.768488746,4
SRS2870590,dairy,1901,0.284061021,2
AF73,fermented_grains_legumes_and_seeds,1101,0.36058129,2
Q08-21,dairy,2974,0.598520511,5
AF89,fermented_tubers_and_roots,2881,0.618188129,5
SRS2920551,fermented_beverages,3230,0.667801858,15
VB04-26,dairy,2322,0.462962963,4
SRS5803195,fermented_fish,324,0.549382716,8
SRS3379157,fermented_fruits_and_vegetables,1584,0.297348485,2
O-23.1,dairy,3588,0.570512821,7
SRS3379165,fermented_fruits_and_vegetables,751,0.263648469,1
SRS6087090,fermented_beverages,1700,0.681176471,5
SRS2920550,fermented_beverages,4696,0.723594549,19
P2234_73323,dairy,6354,0.708057916,9
SRS2870568,dairy,1345,0.333085502,2
Q07-21,dairy,2347,0.576054538,4
P2236_73323,dairy,6481,0.710847091,9
P2504,dairy,3097,0.689376816,3
P2613,dairy,1595,0.710971787,4
282_Bethlehem,dairy,2016,0.562003968,2
ERS3967689,dairy,2867,0.476805023,5
P2623,dairy,2759,0.677056905,7
Q06-24,dairy,2408,0.483803987,4
Q08-24,dairy,3429,0.625546807,6
AF76,fermented_grains_legumes_and_seeds,798,0.179197995,1
P2585,dairy,4776,0.72361809,10
PM002_71775,dairy,4916,0.740032547,13
SRS4562500,fermented_grains_legumes_and_seeds,1816,0.651982379,5
DS_111,fermented_meat,4190,0.701909308,10
VB04-25,dairy,2712,0.413716814,4
GO001_73417,dairy,3819,0.822990312,5
Q02-23,dairy,3583,0.642757466,7
ERS3967688,dairy,2183,0.344480073,4
ERS3466774,dairy,3294,0.756223437,6
ERS1739838,dairy,2173,0.427519558,3
Q08-23,dairy,3330,0.641741742,6
SRS2920555,fermented_beverages,2681,0.691906005,14
P2235_73323,dairy,6563,0.660368734,11
Q06-25,dairy,2735,0.465082267,5
ERS3967715,fermented_beverages,1579,0.626979101,7
Q04-24,dairy,2119,0.688060406,5
ERS1739837,dairy,1256,0.342356688,1
ERS1739831,dairy,1726,0.472769409,3
P2596,dairy,4931,0.72642466,9
VB14-25,dairy,2678,0.546676624,4
ERS1739839,dairy,1269,0.499605989,3
AF17,alcohol,2232,0.467293907,5
ERS1739833,dairy,1714,0.422987165,2
SRS3379166,fermented_fruits_and_vegetables,1236,0.343042071,2
VB12-25,dairy,1916,0.466597077,2
ERS3967701,fermented_beverages,4503,0.705973795,6
VB13-26,dairy,2145,0.552913753,5
SRS398266,fermented_grains_legumes_and_seeds,2894,0.52902557,5
ERS3466765,dairy,1498,0.642857143,3
AF27,dairy,1784,0.594170404,5
P2594,dairy,5807,0.792319614,9
ERS2032094,dairy,2459,0.655957706,5
ERS2032123,dairy,5134,0.757888586,7
P2227_73323,dairy,3406,0.852613036,7
P2483,dairy,2341,0.722768048,4
P2568,dairy,2873,0.782109293,5
TGS14-21,dairy,621,0.813204509,2
TGS15-29,dairy,5156,0.89197052,7
ERS3466764,dairy,753,0.892430279,2
N1,dairy,308,0.564935065,1
P7,dairy,1070,0.638317757,2
V5,dairy,1115,0.679820628,2
ERS2032122,dairy,2925,0.731965812,5
P2555,dairy,2372,0.798482293,6
VB02-21,dairy,1626,0.661746617,4
TGS10-21,dairy,1171,0.800170794,3
TGS13-27,dairy,2612,0.755359877,5
AS111_71775,dairy,2500,0.7452,6
H-30,dairy,4825,0.871709845,8
T-23,dairy,1382,0.662083936,3
V-24,dairy,4125,0.851636364,11
C12,dairy,1414,0.919377652,3
M7,dairy,461,0.557483731,1
S11,dairy,1580,0.655696203,3
ERS2032106,dairy,4597,0.749619317,6
DF_118,dairy,5233,0.906363463,6
DF_15,dairy,3574,0.902909905,6
P2199_73323,dairy,986,0.893509128,3
P2215_73323,dairy,593,0.58010118,2
P2226_73323,dairy,1141,0.901840491,3
P2608,dairy,2629,0.909090909,8
TGS14-28,dairy,2286,0.661417323,5
H-24,dairy,1085,0.812903226,3
ERS3466725,dairy,1390,0.600719424,3
ERS3466766,dairy,1381,0.761766836,4
L8,dairy,2445,0.840899796,5
U-2-12,dairy,1257,0.659506762,2
Q06-26,dairy,1565,0.697124601,4
AF46,fermented_grains_legumes_and_seeds,1368,0.699561404,3
P2233_73323,dairy,6289,1.005565273,11
VB09-23,dairy,1173,0.688832055,3
AS003_73417,dairy,1400,0.795,4
H-25,dairy,922,0.726681128,3
ERS3466720,dairy,726,0.85261708,2
ERS3466731,dairy,996,0.592369478,2
ERS3466757,dairy,673,0.560178306,1
G2,dairy,1470,0.613605442,3
H3,dairy,638,0.854231975,2
I2,dairy,2125,0.707764706,4
M10,dairy,395,0.572151899,1
P12,dairy,1674,0.691158901,4
U-2-11,dairy,1081,0.636447734,2
V6,dairy,1149,0.683202785,2
ERS2032101,dairy,1876,0.630063966,4
ERS2032110,dairy,4192,0.756679389,5
ERS2032114,dairy,2852,0.710378682,5
DF_122,dairy,2398,0.707673061,6
CSB720,dairy,5539,0.873081784,6
P2223_73323,dairy,816,0.808823529,3
P2524,dairy,1422,0.740506329,3
P2610,dairy,4033,0.861641458,9
AS102_71775,dairy,911,0.608122942,2
SRS2870578,dairy,415,0.56626506,1
M6,dairy,656,0.55945122,1
Q2,dairy,1389,0.591792657,3
V3,dairy,1167,0.670094259,2
Q06-28,dairy,4515,0.755924695,9
P2195_73323,dairy,574,0.926829268,2
P2494,dairy,562,0.567615658,2
P2604,dairy,3700,0.88972973,6
P2637,dairy,4650,0.884946237,8
T-26.1,dairy,1223,0.63205233,3
SRS2870599,dairy,658,0.553191489,1
ERS3466770,dairy,1658,0.676115802,3
ERS3466794,dairy,641,0.550702028,1
G5,dairy,292,0.565068493,1
L12,dairy,1164,0.650343643,2
S10,dairy,1109,0.600541028,2
T1,dairy,1888,0.730932203,4
W6,dairy,1148,0.682926829,2
DF_94,dairy,2352,0.821003401,6
P2214_73323,dairy,318,0.58490566,1
P2507,dairy,1230,0.669918699,3
P2636,dairy,4581,0.867932766,7
TGS13-28,dairy,1404,0.683048433,3
TGS15-24,dairy,365,0.969863014,2
PT014_71775,dairy,1201,0.861781848,3
ERS3466728,dairy,743,0.930013459,2
B6,dairy,767,0.989569752,2
V9,dairy,2052,0.763157895,4
Q01-26,dairy,982,0.573319756,2
Q01-28,dairy,955,0.567539267,2
Q07-26,dairy,1309,0.808250573,3
ERS2032112,dairy,5649,0.780846167,9
P2194_73323,dairy,1120,0.891071429,3
AS005_71775,dairy,2619,0.775868652,6
SRS2870588,dairy,453,0.556291391,1
SRS2870598,dairy,657,0.555555556,1
ERS3466793,dairy,2286,0.849956255,5
I6,dairy,1099,0.721565059,3
k12,dairy,1172,0.650170648,2
M8,dairy,654,0.558103976,1
O12,dairy,2089,0.692675921,4
P1,dairy,2106,0.700379867,4
P10,dairy,2403,0.819392426,5
Q05-24,dairy,1243,0.714400644,3
ERS2032118,dairy,3798,0.750921538,5
DF_45,dairy,3158,0.749525016,8
P2197_73323,dairy,828,0.746376812,2
P2238_73323,dairy,5441,0.865098328,8
P2500,dairy,2318,0.869715272,5
P2502,dairy,3267,0.762473217,5
TGS01-27,dairy,1215,0.877366255,3
TGS12-30,dairy,792,0.570707071,2
AS107_71775,dairy,3956,0.833670374,9
A11,dairy,762,0.93832021,2
J7,dairy,659,0.552352049,1
k1,dairy,1167,0.6520994,2
N12,dairy,1033,0.65053243,2
Q9,dairy,659,0.558421851,1
R12,dairy,1367,0.926115582,3
R9,dairy,1165,0.769098712,3
S1,dairy,1111,0.774977498,2
V2,dairy,1634,0.734394125,3
Q05-23,dairy,1112,0.724820144,3
ERS2032089,dairy,1382,0.632416787,3
P2239_73323,dairy,8388,1.024082022,14
P2498,dairy,2041,0.686918177,4
VB06-21,dairy,2246,0.703918077,6
TGS04-21,dairy,1323,0.770219199,3
TGS08-21,dairy,1946,0.966084275,5
T-24,dairy,1255,0.643027888,3
ERS3466719,dairy,955,0.683769634,2
A12,dairy,1589,0.857772184,4
M5,dairy,1108,0.792418773,3
Q01-24,dairy,991,0.572149344,2
ERS2032100,dairy,1329,0.592927013,3
P2537,dairy,394,0.939086294,2
P2570,dairy,3818,0.949711891,7
ERS3466772,dairy,1602,0.573657928,3
I3,dairy,1383,0.595083153,3
I7,dairy,949,0.597471022,2
P2,dairy,1429,0.794261721,4
Q07-23,dairy,1244,0.795819936,3
P2147_73322,dairy,5760,0.869444444,8
P2232_73323,dairy,1653,0.782214156,5
P2482,dairy,869,0.744533947,2
P2510,dairy,786,0.74173028,2
P2600,dairy,7322,0.906719476,11
P2606,dairy,2818,0.804471256,6
DC18-04-BC,dairy,642,0.929906542,2
DC18-F-BC,dairy,1021,0.908912831,3
TGS03-29,dairy,4090,0.933007335,4
TGS08-23,dairy,1463,0.872863978,4
TGS09-25,dairy,1632,0.701593137,3
TGS14-27,dairy,1098,0.802367942,3
T-24.1,dairy,2617,0.778372182,7
ERS3466735,dairy,1283,0.851130164,3
ERS3466741,dairy,1174,0.941226576,3
ERS3466763,dairy,550,0.534545455,1
ERS3466779,dairy,760,0.927631579,2
H10,dairy,2146,0.710158434,4
ERS2032096,dairy,1281,0.587822014,3
ERS2032103,dairy,4213,0.768098742,5
DF_77,dairy,4511,0.8421636,11
TGS03-23,dairy,533,0.91369606,2
V-25,dairy,1937,0.785751162,4
ERS3466767,dairy,1133,0.569285084,2
ERS3466786,dairy,677,0.562776957,1
J9,dairy,1315,0.75513308,2
P8,dairy,1542,0.658236057,3
Q4,dairy,2526,0.837292162,5
ERS2032097,dairy,1671,0.636744464,4
ERS2032105,dairy,906,0.609271523,2
P2224_73323,dairy,2528,0.699367089,6
DC18-F-AC,dairy,1235,0.936842105,3
TGS01-25,dairy,1536,0.78125,3
TGS12-26,dairy,594,0.759259259,2
TGS13-26,dairy,570,0.554385965,1
SRS2870581,dairy,337,0.554896142,1
ERS3466755,dairy,773,0.843467012,2
ERS3466783,dairy,1137,0.876868953,3
H3_S87,dairy,1637,0.78313989,12
H4,dairy,1333,0.816954239,3
J1,dairy,2301,0.906996958,6
Q5,dairy,2707,0.836350203,5
V12,dairy,646,0.557275542,1
V4,dairy,1028,0.61770428,2
ERS3967708,fermented_beverages,1182,0.84179357,3
P2508,dairy,1089,0.820936639,3
P2520,dairy,985,0.693401015,2
ERS3466778,dairy,1975,0.814177215,5
B12,dairy,2109,0.856330014,5
L7,dairy,1957,0.707204905,4
W7,dairy,647,0.548686244,1
P2228_73323,dairy,1686,0.772241993,5
P2514,dairy,1423,0.763879129,4
TGS01-23,dairy,1323,0.780045351,3
ERS3466726,dairy,939,0.838125666,3
ERS3466732,dairy,850,0.588235294,2
L11,dairy,1151,0.649000869,2
V10,dairy,1688,0.776658768,3
319_Tarentaise,dairy,2053,0.794934243,3
ERS2032108,dairy,2438,0.685397867,4
DF_35,dairy,2934,0.834014997,7
P2192_73323,dairy,999,0.720720721,3
P2225_73323,dairy,976,0.94057377,3
P2519,dairy,789,0.685678074,2
P2633,dairy,2856,0.783963585,6
H-28,dairy,1209,0.8254756,3
ERS3466752,dairy,667,0.707646177,2
ERS3466769,dairy,1224,0.883169935,3
I5,dairy,1779,0.731871838,3
M12,dairy,549,0.56284153,1
O11,dairy,1854,0.707119741,4
P9,dairy,1162,0.65404475,2
Q3,dairy,2045,0.604889976,3
S3,dairy,743,0.885598923,2
W10,dairy,647,0.547140649,1
Q06-27,dairy,2399,0.775323051,5
Q07-25,dairy,1286,0.800155521,3
ERS2032121,dairy,855,0.596491228,2
SRS2706108,fermented_fruits_and_vegetables,1388,0.687319885,3
P2149_73322,dairy,5017,0.831572653,9
AS212_71775,dairy,2337,0.739837398,7
MO007_73418,dairy,2583,0.716995741,7
SRS2870582,dairy,371,0.552560647,1
ERS2068303,fermented_beverages,1007,0.779543198,4
ERS3466787,dairy,1146,0.765270506,3
V1,dairy,1617,0.756957328,3
Q06-21,dairy,1136,0.664612676,3
ERS2032098,dairy,1457,0.642415923,4
ERS2032119,dairy,4728,0.847927242,7
P2143_73322,dairy,1350,0.767407407,3
P2591,dairy,4711,0.927403948,9
TGS03-21,dairy,457,0.562363239,1
TGS08-27,dairy,687,0.831149927,2
TGS08-28,dairy,860,0.588372093,2
SRS2870570,dairy,410,0.565853659,1
ERS3466724,dairy,2542,0.960267506,3
ERS3466773,dairy,2338,0.690761334,4
G3,dairy,490,0.56122449,1
N9,dairy,910,0.682417582,2
V8,dairy,1656,0.722222222,3
ERS2032113,dairy,1361,0.63041881,3
DF_113,dairy,2055,0.727007299,4
DF_123,dairy,2098,0.674451859,5
P2155_73322,dairy,1822,0.878155873,5
DC18-04-BR,dairy,633,0.856240126,2
TGS01-24,dairy,1283,0.770070148,3
TGS03-24,dairy,2307,0.920676203,2
TGS08-30,dairy,4104,0.952729045,8
TGS10-24,dairy,871,0.611940299,3
TGS13-21,dairy,1392,0.58908046,3
SRS2870580,dairy,526,0.572243346,1
Q6,dairy,659,0.558421851,1
R6,dairy,475,0.553684211,1
R8,dairy,1173,0.756180733,2
W4,dairy,1068,0.605805243,2
W9,dairy,1371,0.758570387,2
Q01-23,dairy,2427,0.730943552,5
Q05-29,dairy,1112,0.571043165,2
DF_38,dairy,1036,0.695945946,2
ERS2061102,dairy,1445,0.725951557,3
P2515,dairy,1090,0.80733945,3
P2573,dairy,1018,0.747544204,3
TGS03-27,dairy,2671,0.964807188,3
TGS06-30,dairy,1311,0.820747521,3
T-25,dairy,959,0.58915537,2
T-25.1,dairy,412,0.621359223,1
T-26,dairy,1010,0.627722772,2
V-23,dairy,4058,0.861508132,10
ERS3466775,dairy,1104,0.572463768,2
k10,dairy,950,0.628421053,2
S4,dairy,1258,0.839427663,3
ERS2032093,dairy,1551,0.628626692,3
ERS2061100,dairy,1623,0.724584104,3
TGS13-25,dairy,553,0.537070524,1
FF007_71775,dairy,1380,0.863768116,3
SRS2870583,dairy,564,0.783687943,2
SRS2870601,dairy,647,0.557959815,1
ERS3466785,dairy,639,0.546165884,1
A10,dairy,743,0.823687752,2
W2,dairy,1145,0.68209607,2
W3,dairy,1136,0.61443662,2
Q05-30,dairy,1648,0.58434466,3
SRS1779554,fermented_meat,778,0.642673522,2
P2193_73323,dairy,990,0.921212121,3
P2216_73323,dairy,443,0.896162528,2
P2579,dairy,3838,0.890568004,7
TGS12-27,dairy,663,0.561085973,1
TGS15-27,dairy,2506,0.824820431,3
SRS2870585,dairy,431,0.559164733,1
M9,dairy,458,0.561135371,1
N8,dairy,1026,0.670565302,2
ERS2032109,dairy,1926,0.625649013,4
P2481,dairy,1631,0.691600245,3
P2521,dairy,900,0.701111111,2
H-27,dairy,1449,0.790890269,4
M3,dairy,557,0.626570916,2
Q8,dairy,654,0.556574924,1
NM17-1,dairy,1154,0.819757366,2
Q05-28,dairy,2494,0.796712109,5
ERS2032090,dairy,1721,0.624055782,4
ERS2032104,dairy,5517,0.764908465,8
ERS2032107,dairy,5359,0.809665982,7
P2566,dairy,6017,0.84211401,8
TGS06-28,dairy,982,0.760692464,2
B10,dairy,736,0.869565217,2
C3,dairy,1207,0.83927092,3
J12,dairy,1158,0.650259067,2
J4,dairy,1197,0.731829574,2
J6,dairy,632,0.568037975,1
L6,dairy,1531,0.667537557,4
M4,dairy,999,0.613613614,2
S12,dairy,2331,0.749463749,4
ERS2032111,dairy,4645,0.752206674,6
ERS2061098,dairy,1517,0.719182597,3
P2198_73323,dairy,1084,0.936346863,3
P2569,dairy,3360,0.85922619,7
P2634,dairy,4291,0.869727336,7
TGS04-26,dairy,2007,0.849526657,5
ERS3466768,dairy,673,0.560178306,1
G4,dairy,1000,0.626,2
I12,dairy,1342,0.583457526,3
P11,dairy,2191,0.831583752,5
ERS2032115,dairy,2730,0.708791209,4
ERS2061099,dairy,1192,0.683724832,3
P2_200_75211,dairy,918,0.87254902,3
P2557,dairy,2169,0.808206547,5
DC18-04-AC,dairy,670,0.96119403,2
AS112_71775,dairy,2219,0.785038306,7
AS207_73417,dairy,2173,0.866543948,6
SRS2870575,dairy,473,0.5602537,1
ERS3466729,dairy,1067,0.721649485,2
C4,dairy,1755,0.890598291,4
D9,dairy,2309,0.700303162,4
I9,dairy,1786,0.837066069,4
L9,dairy,2644,0.827912254,5
P6,dairy,1057,0.674550615,2
ERS2032091,dairy,1837,0.621121394,4
ERS2032099,dairy,1812,0.585540839,4
SRS1779550,fermented_meat,1379,0.599709935,2
P2244_73323,dairy,6632,0.878920386,9
DC18-04-AR,dairy,473,0.566596195,1
TGS01-21,dairy,749,0.73164219,2
TGS07-21,dairy,1502,0.719041278,3
TGS09-27,dairy,354,0.593220339,1
H-26,dairy,1056,0.820075758,3
H-29,dairy,5109,0.910745743,8
ERS3466738,dairy,800,0.9175,2
C5,dairy,2288,0.898601399,5
k11,dairy,1166,0.650943396,2
Q7,dairy,658,0.55775076,1
R10,dairy,1113,0.876909254,3
ERS2032102,dairy,3706,0.709929843,5
ERS2032120,dairy,4639,0.759215348,6
ERS2032124,dairy,3952,0.767712551,5
ERS2061101,dairy,1074,0.665735568,3
SRS2706106,fermented_fruits_and_vegetables,1667,0.697060588,4
P2230_73323,dairy,1013,0.786771964,3
P2511,dairy,968,0.829545455,3
P2533,dairy,993,0.802618328,3
TGS06-27,dairy,1066,0.752345216,2
TGS06-29,dairy,1835,0.821798365,4
TGS08-24,dairy,1350,0.784444444,3
SRS2870571,dairy,1409,0.333569908,2
H1,dairy,1218,0.931855501,3
I4,dairy,2539,0.832217408,5
ERS2032095,dairy,1708,0.582552693,3
ERS2032117,dairy,1290,0.617829457,3
DF_40,dairy,1343,0.676842889,3
P2229_73323,dairy,2749,0.802473627,5
P2576,dairy,4862,0.890168655,7
RC17-04-BC,dairy,544,0.698529412,2
SRS6525480,dairy,1573,0.586141132,4
B1,dairy,1665,0.897297297,4
H5,dairy,661,0.815431165,2
I11,dairy,655,0.558778626,1
I8,dairy,2011,0.82446544,4
L1,dairy,1607,0.6565028,3
Q07-24,dairy,1241,0.796132151,3
DF_6,dairy,2160,0.743055556,5
ERS2061097,dairy,1029,0.597667638,2
P2635,dairy,4511,0.823320771,6
H-23,dairy,981,0.777777778,3
ERS2068299,fermented_beverages,713,0.555399719,6
J3,dairy,1693,0.732427643,3
J5,dairy,1219,0.799835931,3
Q1,dairy,2101,0.799143265,5
W5,dairy,1093,0.680695334,2
Q01-21,dairy,1201,0.748542881,3
ERS2032116,dairy,4607,0.814195789,8
CSB729,dairy,4668,0.824335904,6
P2152_73322,dairy,1094,0.886654479,3
P2162_73322,dairy,762,0.879265092,2
P2196_73323,dairy,1342,0.82414307,4
P2512,dairy,1612,0.745657568,4
P2517,dairy,3321,0.941282746,14
P2531,dairy,1064,0.82518797,3
TGS08-26,dairy,1214,0.869028007,3
TGS15-23,dairy,340,0.558823529,1
ERS3466776,dairy,5826,0.843631995,10
M1,dairy,1168,0.654109589,2
M2,dairy,1012,0.600790514,2
N7,dairy,869,0.69735328,2
926_Bonne_Buche,dairy,468,0.653846154,1
E4,dairy,999,0.732732733,3
O8,dairy,1355,0.851660517,4
TGS07-29,dairy,624,0.804487179,2
DF_23,dairy,1571,0.677912158,4
TGS10-27,dairy,1850,0.748108108,4
O-24,dairy,1380,0.598550725,3
I-27,dairy,1441,0.606523248,3
F12,dairy,1922,0.693028096,4
E5,dairy,1036,0.86003861,3
G1,dairy,964,0.640041494,2
Q03-25,dairy,1080,0.600925926,2
S2,dairy,1049,0.850333651,3
PR006_71775,dairy,1566,0.751596424,4
O-24.1,dairy,909,0.596259626,2
SRS2706109,fermented_fruits_and_vegetables,1025,0.697560976,3
AF34,dairy,2675,0.533084112,4
AF66,fermented_grains_legumes_and_seeds,3230,0.812383901,10
B2,dairy,1415,0.575265018,2
SRS6115053,fermented_grains_legumes_and_seeds,3292,0.560753341,9
N5,dairy,1061,0.788878417,3
S5,dairy,1232,0.823863636,3
Q03-24,dairy,1088,0.613051471,2
ERS3967736,fermented_fruits_and_vegetables,1725,0.675942029,3
F7,dairy,733,0.892223738,2
TGS07-27,dairy,436,0.614678899,1
N3,dairy,701,0.851640514,2
F4,dairy,1295,0.608494208,3
O-28,dairy,1671,0.679832436,4
F5,dairy,1516,0.831134565,4
O-23,dairy,1263,0.590657165,3
F11,dairy,1815,0.611570248,3
E3,dairy,990,0.760606061,3
O6,dairy,1246,0.919743178,4
Q02-21,dairy,1770,0.816949153,4
TGS11-30,dairy,3687,0.787903445,6
C1,dairy,866,0.651270208,2
D1,dairy,1319,0.937073541,3
E8,dairy,933,0.638799571,2
Q10,dairy,1406,0.709815078,4
P2590,dairy,2050,0.795609756,6
TGS13-24,dairy,507,0.542406312,1
G11,dairy,1324,0.706193353,3
P4,dairy,2013,0.946348733,4
ERS3466754,dairy,951,0.803364879,3
ERS3466782,dairy,1156,0.75432526,2
B7,dairy,1007,0.623634558,2
F3,dairy,468,0.94017094,2
N4,dairy,2021,0.719445819,4
Q12,dairy,857,0.610268378,2
U-2-8,dairy,1161,0.698535745,2
P2168_73322,dairy,905,0.584530387,2
P2554,dairy,4485,0.83567447,6
SRS2870577,dairy,430,0.569767442,1
M11,dairy,400,0.5525,1
AF72,fermented_grains_legumes_and_seeds,1434,0.674337517,4
SRS2870589,dairy,322,0.531055901,1
D2,dairy,1557,0.786769428,4
380_Stawley,dairy,1292,0.736842105,2
Q03-23,dairy,1154,0.716637782,3
ERS3967725,dairy,532,0.616541353,1
E11,dairy,1438,0.600139082,2
E7,dairy,987,0.629179331,2
O1,dairy,994,0.642857143,2
TGS11-26,dairy,788,0.579949239,2
G6,dairy,970,0.792783505,2
k7,dairy,292,0.565068493,1
O3,dairy,1816,0.763215859,4
ERS1739835,dairy,1140,0.584210526,2
A6,dairy,1556,0.766066838,4
D5,dairy,1157,0.742437338,2
ERS2032092,dairy,1931,0.585189021,4
P2177_73322,dairy,1689,0.765541741,5
TGS07-30,dairy,358,0.586592179,1
ERS3466718,dairy,1028,0.694552529,2
D4,dairy,1094,0.78702011,2
E6,dairy,825,0.653333333,2
P2571,dairy,3288,0.883211679,6
TGS06-25,dairy,1243,0.831053902,3
C11,dairy,460,0.589130435,1
O5,dairy,2257,0.748781568,4
P2589,dairy,2479,0.731746672,6
TGS09-23,dairy,916,0.590611354,2
3m-1_S2,dairy,577,0.601386482,1
C8,dairy,1394,0.783357245,3
P2163_73322,dairy,486,0.582304527,1
P2169_73322,dairy,473,0.589852008,1
SRS2870576,dairy,344,0.561046512,1
ERS3466745,dairy,844,0.636255924,2
D11,dairy,310,0.580645161,1
O9,dairy,1016,0.86515748,3
P5,dairy,2491,0.835006022,5
P2540,dairy,843,0.597864769,2
P2574,dairy,5609,0.868604029,8
TGS03-26,dairy,3976,0.886317907,3
TGS15-21,dairy,624,0.974358974,2
24h-3_S5,dairy,549,0.566484517,1
TGS12-25,dairy,504,0.587301587,1
SRS2870573,dairy,371,0.652291105,1
R3,dairy,1452,0.755509642,3
U-2-9,dairy,933,0.649517685,2
ERS3967719,dairy,1219,0.680065628,4
P2539,dairy,740,0.610810811,2
F1,dairy,1964,0.719959267,4
k8,dairy,758,0.626649077,2
U-2-7,dairy,662,0.584592145,1
P2564,dairy,4208,0.795389734,5
PA012_73417,dairy,3220,0.774223602,10
E10,dairy,863,0.626882966,2
C10,dairy,373,0.587131367,1
H8,dairy,618,0.603559871,1
TGS11-23,dairy,298,0.617449664,1
SRS2870586,dairy,304,0.542763158,1
ERS3466753,dairy,516,0.59496124,1
ERS3466784,dairy,1142,0.757443082,2
J11,dairy,686,0.832361516,2
R7,dairy,418,0.552631579,1
TGS03-28,dairy,2344,0.914249147,2
24h-4_S7,dairy,574,0.574912892,1
O4,dairy,2229,0.802153432,5
TGS04-29,dairy,9366,0.936899423,16
TGS12-28,dairy,544,0.612132353,1
TGS13-23,dairy,432,0.546296296,1
SRS2870572,dairy,334,0.637724551,1
I1,dairy,1798,0.864849833,4
T3,dairy,2486,0.797666935,5
U-2-10,dairy,683,0.585651537,1
SRS2870584,dairy,326,0.558282209,1
A9,dairy,829,0.705669481,2
D12,dairy,880,0.765909091,2
k6,dairy,969,0.622291022,2
TGS07-25,dairy,2661,0.798947764,5
3m-3_S6,dairy,960,0.691666667,2
k9,dairy,1938,0.92621259,5
P2145_73322,dairy,1551,0.704061896,4
E12,dairy,2312,0.701989619,3
I10,dairy,1161,0.605512489,3
P2213_73323,dairy,324,0.577160494,1
P2503,dairy,969,0.620227038,2
TGS14-29,dairy,3023,0.756202448,3
H6,dairy,631,0.605388273,1
P2142_73322,dairy,1215,0.648559671,3
P2178_73322,dairy,422,0.587677725,1
SRS2870574,dairy,369,0.62601626,1
1m-3_S11,dairy,571,0.570928196,1
ERS3466723,dairy,2804,0.833808845,3
B4,dairy,1911,0.614861329,3
H12,dairy,2157,0.773759852,5
O2,dairy,961,0.627471384,2
W8,dairy,989,0.635995956,2
DF_41,dairy,4117,0.806898227,11
ERS3967700,dairy,1633,0.750153092,3
TGS09-28,dairy,486,0.580246914,1
TGS11-27,dairy,855,0.58128655,2
TGS12-23,dairy,448,0.584821429,1
C9,dairy,797,0.617314931,2
D10,dairy,336,0.571428571,1
P2164_73322,dairy,821,0.577344702,2
B9,dairy,2010,0.753731343,4
L5,dairy,1191,0.637279597,3
R11,dairy,393,0.577608142,1
R5,dairy,1840,0.884782609,4
24h-1_S1,dairy,558,0.593189964,1
H9,dairy,965,0.65492228,2
P2175_73322,dairy,903,0.750830565,3
P2509,dairy,898,0.710467706,2
DF_9,dairy,556,0.566546763,2
ERS3466734,dairy,626,0.552715655,1
E9,dairy,1064,0.630639098,2
H11,dairy,1685,0.728189911,4
R2,dairy,933,0.651661308,2
AS211_71775,dairy,1933,0.79255044,4
1m-2_S10,dairy,583,0.586620926,1
B11,dairy,305,0.580327869,1
E1,dairy,649,0.587057011,1
P2174_73322,dairy,838,0.591885442,2
P2179_73322,dairy,755,0.847682119,2
H7,dairy,420,0.585714286,1
3m-2_S4,dairy,571,0.576182137,1
KM-1G,dairy,8680,1.033870968,16
KM-1D,dairy,11389,1.095355167,22
KM-2D,dairy,10512,1.081430746,19
VB-05-BG,dairy,9467,1.028203232,20
VB10-29,dairy,10958,1.017886476,18
VB05-30,dairy,11994,1.064115391,23
KM-2G,dairy,11500,1.071826087,21
VB-03-M6,dairy,9774,1.05985267,21
VB-08-AG,dairy,13320,1.074924925,30
VB-08-BD,dairy,11183,1.173209336,26
VB02-30,dairy,9997,1.009002701,21
SRS398261,fermented_grains_legumes_and_seeds,924,0.557359307,2
AF68,alcohol,1689,1.009473061,7
SRS386960,fermented_grains_legumes_and_seeds,218,0.981651376,1
AF62,fermented_grains_legumes_and_seeds,1427,0.932025228,4
SRS6115052,fermented_grains_legumes_and_seeds,2573,0.760979401,11
ERS3967702,fermented_grains_legumes_and_seeds,2084,0.879078695,6
AF49,dairy,1416,0.929378531,4
SRS398269,fermented_grains_legumes_and_seeds,1430,0.604195804,4
SRS398268,fermented_grains_legumes_and_seeds,1094,0.523765996,3
AF57,fermented_tubers_and_roots,2113,0.566493138,7
SRS398267,fermented_grains_legumes_and_seeds,1701,0.644326867,4
AF54,fermented_tubers_and_roots,2563,0.686695279,5
SRS398265,fermented_grains_legumes_and_seeds,1438,0.611265647,4
ERS3967691,fermented_fruits_and_vegetables,1049,0.849380362,3
ERS3967733,fermented_fruits_and_vegetables,1988,0.85110664,5
AF92,fermented_grains_legumes_and_seeds,848,0.801886792,2
AF25,fermented_tubers_and_roots,1891,0.756213644,8
ERS2955446,dairy,544,0.575367647,2
VB01-27,dairy,1328,0.706325301,3
VB03-21,dairy,770,0.625974026,3
VB14-21,dairy,257,0.564202335,1
VB06-27,dairy,968,0.657024793,2
VB15-21,dairy,1751,0.641918903,4
VB12-28,dairy,1339,0.68334578,3
Q08-28,dairy,1973,0.841358338,5
DF_76,dairy,1387,0.664023071,4
VB03-27,dairy,1915,0.79843342,5
VB06-23,dairy,1109,0.685302074,3
VB13-24,dairy,675,0.635555556,2
TGS11-21,dairy,446,0.540358744,1
SRS3591585,dairy,684,0.557017544,2
Q08-27,dairy,1750,0.839428571,4
DF_29,dairy,2728,0.656524927,5
DF_85,dairy,4077,0.870738288,8
VB04-23,dairy,680,0.582352941,2
VB04-24,dairy,1332,0.677927928,3
VB06-28,dairy,3775,0.894569536,7
T-29,dairy,824,0.708737864,2
SRS6525485,dairy,446,0.544843049,1
AF42,dairy,1093,0.721866423,3
TGS13-29,dairy,3047,1.210370857,7
ERS654085,dairy,1312,0.765243902,4
ERS654089,dairy,1440,0.761805556,4
ERS3466760,dairy,1436,0.656685237,3
P2645,dairy,640,0.7078125,3
VB09-21,dairy,863,0.76013905,2
O-21,dairy,345,0.556521739,1
ERS654088,dairy,1259,0.765687053,3
P2501,dairy,827,0.627569528,2
VB13-25,dairy,1196,0.685618729,3
T-21,dairy,324,0.555555556,1
P2222_73323,dairy,374,0.558823529,1
P2541,dairy,314,0.570063694,1
VB11-26,dairy,1909,0.706128863,4
VB16-27,dairy,993,0.689828802,3
VB12-24,dairy,1358,0.681148748,3
C-27.0,dairy,602,0.636212625,3
SRS6525472,dairy,331,0.555891239,1
VB07-25,dairy,1693,0.488481985,4
ERS654083,dairy,1390,0.771942446,5
VB14-24,dairy,473,0.577167019,2
SRS6525484,dairy,294,0.585034014,1
DF_31,dairy,1259,0.69579031,4
VB16-24,dairy,757,0.708058124,2
VB12-27,dairy,3233,0.874729354,7
ERS654084,dairy,1303,0.776669225,3
DF_88,dairy,2409,0.894562059,7
ERS2955445,dairy,867,0.566320646,3
VB13-23,dairy,1391,0.69805895,3
VB14-26,dairy,1018,0.706286837,3
DF_33,dairy,3791,0.801107887,8
P2172_73322,dairy,887,0.742953777,4
VB03-23,dairy,736,0.652173913,2
VB05-26,dairy,292,0.568493151,1
VB06-25,dairy,2135,0.676814988,4
VB13-27,dairy,1585,0.692744479,3
GR002_73417,dairy,2488,0.747990354,7
ERS654081,dairy,530,0.605660377,2
P2212_73323,dairy,689,0.567489115,2
P2538,dairy,510,0.549019608,1
VB08-21,dairy,2247,0.6270583,4
P2144_73322,dairy,384,0.6171875,2
VB07-21,dairy,747,0.615796519,2
VB14-27,dairy,966,0.67184265,3
TGS11-28,dairy,478,0.546025105,1
P-21,dairy,251,0.533864542,1
SRS6525476,dairy,494,0.546558704,1
ERS3967718,dairy,491,0.553971487,1
ERS3967721,dairy,1516,0.733509235,4
P2165_73322,dairy,732,0.691256831,3
P2603,dairy,1073,0.518173346,3
SRS3593113,dairy,914,0.617067834,2
O10,dairy,576,0.604166667,2
DF_34,dairy,5001,0.870225955,10
VB08-26,dairy,1630,0.702453988,5
VB12-23,dairy,1329,0.681715576,3
VB13-28,dairy,1359,0.673289183,3
TGS10-26,dairy,509,0.595284872,2
CS005_71775,dairy,1581,0.621758381,3
P2166_73322,dairy,544,0.5625,2
DC18-02,dairy,826,0.611380145,2
VB03-25,dairy,351,0.552706553,1
VB01-24,dairy,943,0.677624602,3
VB01-25,dairy,912,0.674342105,3
VB08-28,dairy,1210,0.692561983,3
VB16-25,dairy,788,0.717005076,2
SRS6525475,dairy,485,0.542268041,1
SRS6525482,dairy,317,0.570977918,1
P2505,dairy,1066,0.61163227,2
VB06-26,dairy,2003,0.785821268,5
A-28.0,dairy,309,0.566343042,1
VB08-24,dairy,1003,0.657028913,3
P2240_73323,dairy,4131,0.930041152,6
VB03-24,dairy,730,0.65890411,2
VB16-26,dairy,870,0.706896552,2
VB09-27,dairy,1730,0.757803468,4
M-21,dairy,432,0.539351852,1
VB05-21,dairy,881,0.6276958,2
VB12-21,dairy,483,0.563146998,1
PA207_73417,dairy,2180,0.718348624,8
ERS654086,dairy,1450,0.756551724,4
ERS3466736,dairy,368,0.557065217,1
DF_60,dairy,1801,0.701277068,5
AF93,dairy,756,0.599206349,2
P2499,dairy,818,0.627139364,2
P2583,dairy,1135,0.585903084,2
VB01-28,dairy,1500,0.696,3
T-27,dairy,699,0.743919886,2
ERS3466759,dairy,341,0.551319648,1
VB08-27,dairy,1210,0.680991736,4
AS202_73417,dairy,2998,0.705803869,7
ERS2955444,dairy,1050,0.636190476,3
ERS4361129,dairy,589,0.587436333,2
VB01-26,dairy,1057,0.683065279,3
VB04-21,dairy,1690,0.598816568,2
VB01-21,dairy,922,0.630151844,2
GR012_71775,dairy,1345,0.675836431,4
PA001_71775,dairy,2226,0.800089847,7
T-23.1,dairy,1941,0.709943328,5
ERS654087,dairy,1660,0.745783133,5
P2146_73322,dairy,1644,0.612530414,4
VB01-23,dairy,572,0.61013986,2
TGS11-29,dairy,442,0.549773756,1
GR003_71775,dairy,1574,0.695679797,4
F-28.0,dairy,544,0.626838235,2
Q06-29,dairy,3434,0.754804892,4
VB05-24,dairy,585,0.625641026,2
VB16-21,dairy,422,0.547393365,1
TGS13-30,dairy,3025,1.06677686,7
ERS2955447,dairy,338,0.520710059,1
VB08-25,dairy,1354,0.703840473,4
AF30,dairy,536,0.60261194,2
P2176_73322,dairy,614,0.59771987,2
P2493,dairy,294,0.56462585,1
VB05-23,dairy,584,0.599315068,2
P-28.0,dairy,773,0.662354463,3
ERS1939594,fermented_beverages,1302,1.376344086,4
ERS1937969,fermented_beverages,1402,1.342368046,4
ERS1939655,fermented_beverages,1601,1.227357901,8
ERS3967738,fermented_beverages,1458,1.61042524,5
ERS1937824,fermented_beverages,1385,1.337184116,4
ERS1932640,fermented_beverages,956,1.109832636,2
ERS1875938,fermented_beverages,906,0.784768212,2
ERS1939593,fermented_beverages,1315,1.00608365,3
ERS1939657,fermented_beverages,901,1.140954495,2
ERS1939656,fermented_beverages,1426,1.285413745,5
ERS1939580,fermented_beverages,1094,1.58226691,3
ERS1881306,fermented_beverages,1207,0.995028998,3
WK055-2-L-08h-04F4_S20,fermented_beverages,3534,1.086870402,7
ERS3967723,fermented_beverages,3402,1.090534979,8
ERS3967739,fermented_beverages,2283,1.070959264,5
ERS1939586,fermented_beverages,642,0.909657321,1
WK002-1-L-08h-01F5_S29,fermented_beverages,1759,0.837407618,3
WK062-1-L-48h-04I4_S47,fermented_beverages,2418,0.892886683,5
WK022-2-L-08h-02F9_S114,fermented_beverages,3672,1.025054466,8
WK008-2-L-48h-01I5_S56,fermented_beverages,751,1.340878828,3
WK009-1-L-48h-01I7_S58,fermented_beverages,4886,1.01760131,10
WK022-1-L-48h-02F8_S113,fermented_beverages,4260,1.059389671,8
WK015-2-L-48h-02C6_S84,fermented_beverages,3647,1.039484508,8
WK024-2-L-48h-02G9_S123,fermented_beverages,3323,0.920854649,6
WK040-1-L-08h-03F1_S65,fermented_beverages,2518,1.025416998,4
WK014-2-L-48h-02C2_S80,fermented_beverages,2762,0.86929761,6
WK065-2-L-48h-05B4_S65,fermented_beverages,1986,0.893756294,3
WK004-2-L-48h-01G7_S40,fermented_beverages,3343,0.953036195,6
WK018T-1-L-04h-05E4_S92,fermented_beverages,1470,0.756462585,3
ERS3967727,fermented_beverages,3477,0.888409548,6
ERS3967728,fermented_beverages,3587,0.891274045,6
WK065-1-L-48h-05B2_S63,fermented_beverages,1946,0.892600206,3
WK029-1-L-48h-03A3_S22,fermented_beverages,2569,0.949785909,5
WK022-2-L-48h-02G1_S115,fermented_beverages,4800,1.077083333,9
WK049-2-G-48h-05H8_S123,fermented_beverages,741,0.738191633,1
ERS3967697,alcohol,1312,1.021341463,3
WK020-1-L-48h-02E6_S102,fermented_beverages,3187,0.842171321,6
WK002-1-L-48h-01F6_S30,fermented_beverages,2274,0.874230431,4
WK059-1-L-48h-04H1_S35,fermented_beverages,2745,0.868852459,5
WK008-2-G-48h-01D2_S8,fermented_beverages,699,0.778254649,2
WK035-1-L-48h-03C9_S46,fermented_beverages,3417,0.666666667,3
WK004-1-L-48h-01G5_S38,fermented_beverages,3874,1.005678885,7
WK009-2-L-48h-01I9_S60,fermented_beverages,4778,1.021557137,10
WK049-2-L-48h-05A9_S61,fermented_beverages,1236,0.826860841,2
WK067-1-L-48h-05C1_S71,fermented_beverages,1684,0.899049881,3
WK001-1-L-48h-01F2_S26,fermented_beverages,3249,0.954447522,7
WK018T-2-L-04h-05E5_S93,fermented_beverages,1453,0.761871989,3
WK059-2-L-48h-04H3_S37,fermented_beverages,2975,0.910252101,6
ERS3967724,alcohol,2412,0.870646766,4
WK002-2-L-08h-01F7_S31,fermented_beverages,2315,0.810799136,4
WK003-1-L-48h-01G1_S34,fermented_beverages,3241,0.949706881,6
WK018-1-L-48h-02D7_S94,fermented_beverages,4362,0.944750115,9
WK064-1-L-48h-05A3_S55,fermented_beverages,2928,1.164959016,7
WK023-2-L-48h-02G5_S119,fermented_beverages,1649,0.904184354,3
WK037-1-L-48h-03D8_S54,fermented_beverages,2175,0.943448276,4
ERS3967717,fermented_beverages,721,0.717059639,3
WK039-1-L-48h-03E7_S62,fermented_beverages,2208,1.271286232,5
WK064-2-L-48h-05A5_S57,fermented_beverages,3953,1.139134834,10
ERS3967716,fermented_beverages,1080,0.769444444,6
P2180_73322,dairy,284,0.626760563,1
24h-2_S3,dairy,579,0.580310881,1
1m-4_S12,dairy,609,0.571428571,1
3m-4_S8,dairy,597,0.577889447,1
ERS3466722,dairy,1098,0.749544627,2
VB-09-M8,dairy,11166,1.04191295,26
1m-1_S9,dairy,524,0.583969466,1
P2556,dairy,4177,0.8702418,7
C07-18,fermented_meat,1769,0.710005653,4
P2157_73322,dairy,1216,0.940789474,3
P2478,dairy,1869,0.819689674,4
P2156_73322,dairy,1260,0.982539683,3
DF_100,dairy,3378,0.826228538,10
DF_119,dairy,391,0.907928389,1
P2242_73323,dairy,564,0.937943262,2
P2480,dairy,1179,0.982188295,3
TGS01-26,dairy,498,0.899598394,1
P2160_73322,dairy,1026,0.946393762,3
TGS06-26,dairy,985,0.887309645,2
DF_99,dairy,909,0.838283828,2
P2153_73322,dairy,976,0.942622951,3
P2154_73322,dairy,1117,0.927484333,3
DF_36,dairy,1279,0.740422205,2
DF_44,dairy,597,0.807370184,2
P2479,dairy,1878,0.838658147,4
TGS06-23,dairy,521,0.90403071,1
TGS08-25,dairy,811,0.891491985,2
V-21,dairy,1944,0.710390947,8
ERS2032127,dairy,745,1.463087248,2
VB-16-BD,dairy,16393,1.072103947,34
ERS3466771,dairy,1152,1.347222222,3
VB-14-AD,dairy,4618,0.914032049,8
VB03-30,dairy,7948,1.054101661,14
VB16-30,dairy,7214,1.127668423,20
VB15-29,dairy,12211,1.600442224,37
VB-06-BG,dairy,9336,1.108397601,20
VB-15-M9,dairy,10577,1.102675617,22
VB04-29,dairy,9192,0.999238468,14
VB15-30,dairy,9599,1.070632358,17
VB-14D,dairy,10178,1.069758302,24
VB-15-M11,dairy,8014,1.069752932,16
VB-14-M18,dairy,8188,1.065461651,22
VB-05-BD,dairy,13521,1.083425782,31
VB14-F-BR,dairy,8885,1.135846933,22
VB-06-M2,dairy,5144,0.969673406,11
VB-16-AG,dairy,14618,1.034135997,28
VB14-F-AR,dairy,9114,1.044766294,21
VB-05-AD,dairy,10961,1.089772831,23
KM-5G,dairy,8607,0.934355757,16
ERS2032125,dairy,822,1.384428224,3
VB-15-M10,dairy,12281,1.007328393,24
ERS2032126,dairy,750,1.44,2
VB-04-AD,dairy,4944,0.971682848,11
VB06-29,dairy,9623,1.062038865,20
ERS2032129,dairy,2441,0.931995084,3
711_Garroxta,dairy,664,0.989457831,1
ERS2032130,dairy,1984,0.932459677,3
CSB870,dairy,1432,0.787011173,2
VB08-30,dairy,12483,0.985740607,23
VB06-30,dairy,8930,1.029115342,19
CSB409,dairy,1522,0.889618922,3
P2558,dairy,9306,0.973995272,15
VB-08-M3,dairy,7540,1.071750663,16
P2578,dairy,4401,1.064530788,7
575_CabotClothbound,dairy,3567,0.92066162,6
CSB907,dairy,1540,0.794805195,3
CSB888,dairy,2262,0.805481874,3
ERS3466792,dairy,1500,0.828666667,3
VB-15-M12,dairy,6371,0.963741956,10
DS_80,fermented_meat,1296,0.80787037,2
TA012_71775,dairy,2816,0.915838068,9
ERS3466750,dairy,2742,0.83916849,4
VB13-29,dairy,10427,1.026949266,26
VB-14-BG,dairy,4122,0.903202329,8
VB-08-M4,dairy,9166,1.057713288,19
CSB600,dairy,3383,0.902453444,5
917_Abondance,dairy,3293,0.929243851,7
VB13-30,dairy,8610,1.018002323,22
CSB694,dairy,3122,0.850096092,6
491_Bayley,dairy,1909,0.877422734,4
CSB734,dairy,4492,0.887577916,5
VB10-30,dairy,8828,0.995922066,15
679_Raclette,dairy,4969,1.065003019,9
P2237_73323,dairy,6541,1.054425929,13
VB01-30,dairy,8645,0.955696935,16
CSB341,dairy,1138,0.737258348,2
VB-06-AD,dairy,9193,1.014902643,19
894_Twig_Tomme,dairy,2730,0.86043956,4
VB-03-AG,dairy,8188,0.961651197,15
TGS15-30,dairy,4634,0.839879154,18
365_Stichelton,dairy,2833,0.899399929,4
VB01-29,dairy,5531,1.01048635,11
CSB387,dairy,1993,0.81635725,3
DS_90,fermented_meat,2219,0.908968004,4
RC17-F-AR,dairy,9045,0.970591487,26
VB16-29,dairy,5839,1.061311868,13
VB-15-AG,dairy,10084,0.970745736,18
VB07-30,dairy,10748,1.006140677,22
P2247_73323,dairy,4608,0.894748264,9
KM-4D,dairy,6031,0.985408722,12
KM-4G,dairy,5893,0.986424572,12
DF_114,dairy,3890,0.836760925,7
771_Tarentaise,dairy,3605,0.973370319,6
VB03-29,dairy,8141,0.968062892,14
VB-15-BD,dairy,9435,1.036354001,20
TGS04-23,dairy,4516,0.876217892,9
VB05-29,dairy,9953,1.040892193,20
VB02-29,dairy,9077,1.028864162,19
TA011_71775,dairy,7868,0.918530757,14
VB04-30,dairy,11218,1.079515065,21
VB-12D,dairy,10996,0.986267734,20
VB11-30,dairy,6472,0.949629172,11
VB11-29,dairy,6289,0.959930037,11
VB-03-M5,dairy,10233,1.012703997,20
CSB962,dairy,3675,0.953197279,6
VB-09-AG,dairy,9460,1.044820296,22
CSB875,dairy,1117,0.997314235,2
VB09-30,dairy,11435,0.999212943,27
DF_11,dairy,5197,0.942659226,13
VB-16-M14,dairy,4423,0.944607732,7
ERS3466777,dairy,1914,0.955067921,4
VB07-29,dairy,6781,0.97802684,12
VB-09-BD,dairy,6033,1.008453506,13
VB-16-M16,dairy,10292,0.979887291,22
VB-16-M13,dairy,4858,0.966241252,11
KM-5D,dairy,6205,0.944238517,13
DS_48,fermented_meat,1124,0.733096085,2
NM18-2,dairy,1291,0.926413633,2
F10,dairy,1418,0.789139633,3
RC17-F-AC,dairy,391,0.601023018,1
Q05-26,dairy,1334,0.727136432,4
VB-06-M1,dairy,5156,0.976726144,11
RC17-F-BR,dairy,11235,0.948197597,28
VB12-F-AR,dairy,8852,1.070153638,18
VB08-29,dairy,9952,1.016278135,21
VB09-29,dairy,10220,0.979549902,21
TGS04-30,dairy,6625,0.975698113,12
671_Grayson,dairy,3563,0.915239966,9
VB05-25,dairy,4314,1.065368567,9
340_Comte,dairy,3213,0.961406785,6
VB-04-BG,dairy,6607,0.967307401,12
AF06,fermented_grains_legumes_and_seeds,1278,0.404538341,5
AF59,fermented_grains_legumes_and_seeds,1519,0.780776827,10
AF11,fermented_grains_legumes_and_seeds,3992,0.881262525,6
T-28,dairy,1286,0.899688958,4
AF71,fermented_tubers_and_roots,673,0.722139673,2
AF14,dairy,4096,0.842041016,7
DF_62,dairy,1076,0.751858736,2
PR003_71775,dairy,1001,0.759240759,3
ERS654082,dairy,1116,0.857526882,3
M-23,dairy,283,0.667844523,1
AF16,fermented_tubers_and_roots,818,0.71393643,3
VB05-27,dairy,1265,0.841106719,3
VB10-23,dairy,753,0.784860558,2
PA002_73417,dairy,2486,1.018101368,7
PR012_71775,dairy,651,0.783410138,2
AF87,fermented_grains_legumes_and_seeds,915,0.733333333,3
VB10-21,dairy,732,0.631147541,2
PA011_73417,dairy,2211,0.716870194,6
VB10-27,dairy,747,0.72021419,2
GR211_71775,dairy,2611,0.869015703,7
N-21,dairy,360,0.683333333,1
AF53,fermented_tubers_and_roots,1681,0.854848305,7
AF88,fermented_grains_legumes_and_seeds,1719,0.828388598,5
VB02-23,dairy,708,0.725988701,2
AF69,fermented_tubers_and_roots,904,0.773230088,4
AF70,fermented_tubers_and_roots,1927,0.763881681,6
PA004_73417,dairy,2455,0.72790224,7
PR202_71775,dairy,893,0.647256439,2
VB11-21,dairy,712,0.650280899,2
PR011_71775,dairy,362,0.693370166,1
AF94,fermented_grains_legumes_and_seeds,935,0.677005348,3
VB05-28,dairy,1421,0.828289937,3
DF_73,dairy,1164,0.750859107,3
VB10-28,dairy,594,0.727272727,2
MO011_71775,dairy,1244,0.807073955,3
MZ011_71775,dairy,811,0.754623921,4
AF65,dairy,1141,0.963190184,4
F-27.0,dairy,157,0.649681529,1
SRS3591582,dairy,2700,0.778148148,10
VB08-23,dairy,674,0.741839763,2
VB15-28,dairy,1209,0.688999173,3
SRS6525474,dairy,571,0.616462347,2
VB11-27,dairy,670,0.728358209,2
VB06-24,dairy,177,0.644067797,1
VB15-26,dairy,782,0.782608696,3
AF51,fermented_tubers_and_roots,1577,0.92961319,6
I-21,dairy,243,0.650205761,1
AF22,dairy,1018,0.73870334,3
ERS654090,dairy,1339,0.792382375,3
DF_52,dairy,2199,0.934060937,4
VB11-25,dairy,1329,0.699021821,3
B-28.0,dairy,190,0.631578947,1
AF04,fermented_tubers_and_roots,1082,0.720887246,5
AF18,fermented_grains_legumes_and_seeds,964,0.784232365,4
VB07-26,dairy,667,0.668665667,2
VB11-28,dairy,609,0.712643678,2
VB15-25,dairy,2097,0.714353839,5
I-23,dairy,1131,0.603006189,2
VB11-24,dairy,551,0.733212341,2
VB10-24,dairy,801,0.756554307,2
P-27.0,dairy,668,0.732035928,2
VB07-23,dairy,218,0.642201835,1
I-24.1,dairy,744,0.737903226,2
VB15-23,dairy,581,0.721170396,2
I-23.1,dairy,548,0.629562044,2
ERS2955443,dairy,522,0.588122605,2
WK018T-1-L-02h-05D9_S88,fermented_beverages,927,0.77562028,2
WK021-1-L-48h-02F1_S106,fermented_beverages,1872,0.83707265,3
WK043-2-L-08h-03G6_S79,fermented_beverages,1762,0.93984109,4
WK051-1-L-08h-04D4_S2,fermented_beverages,2382,0.982367758,5
WK001-2-L-48h-01F4_S28,fermented_beverages,3423,1.05638329,7
WK021-2-L-48h-02F3_S108,fermented_beverages,2259,0.942895086,4
WK033-2-L-48h-03C3_S40,fermented_beverages,4736,0.991765203,9
WK055-2-L-48h-04F5_S21,fermented_beverages,2010,0.93681592,4
WK017-2-L-08h-02D4_S91,fermented_beverages,2918,0.909184373,6
WK020-2-G-48h-01E5_S20,fermented_beverages,2913,0.860968074,6
WK034-2-L-08h-03C6_S43,fermented_beverages,3033,0.933069568,6
WK041-1-L-48h-03F6_S70,fermented_beverages,2400,0.858333333,5
WK048-1-L-08h-03I6_S97,fermented_beverages,4195,0.804290822,7
WK004-1-L-08h-01G4_S37,fermented_beverages,2323,0.935858803,4
WK010-1-L-48h-02A2_S62,fermented_beverages,3144,0.881997455,6
WK018T-1-L-16h-05F3_S100,fermented_beverages,2224,0.891636691,4
WK001T-2-L-48h-05G1_S107,fermented_beverages,3150,1.022539683,6
WK020-2-L-48h-02E8_S104,fermented_beverages,2923,0.852548751,6
WK018T-2-L-02h-05E1_S89,fermented_beverages,1064,0.768796992,2
WK047-2-L-48h-03I5_S96,fermented_beverages,2980,0.922483221,5
WK018-2-L-08h-02D8_S95,fermented_beverages,2856,0.845238095,5
SRS5653199,fermented_grains_legumes_and_seeds,1279,0.807662236,3
WK010-2-G-48h-01D4_S10,fermented_beverages,3015,0.967495854,6
WK011-2-L-08h-02A7_S67,fermented_beverages,2639,0.89010989,5
WK043-1-L-08h-03G4_S77,fermented_beverages,1856,0.807650862,3
WK050-1-L-48h-04C8_S126,fermented_beverages,3802,1.161493951,8
WK013-1-L-48h-02B5_S74,fermented_beverages,2160,0.824537037,4
WK053-2-L-08h-04E5_S12,fermented_beverages,1938,0.879256966,4
WK037-2-L-08h-03D9_S55,fermented_beverages,2270,0.939207048,4
WK043-2-G-48h-04C1_S119,fermented_beverages,2428,1.084843493,6
VB10-26,dairy,622,0.789389068,1
WK018-2-L-48h-02D9_S96,fermented_beverages,3452,0.865295481,6
WK018T-1-L-48h-05G2_S108,fermented_beverages,1145,0.768558952,2
WK017-2-L-48h-02D5_S92,fermented_beverages,3723,0.941176471,8
WK018-1-L-08h-02D6_S93,fermented_beverages,3662,0.93883124,7
WK029-2-L-48h-03A5_S24,fermented_beverages,1904,0.890231092,4
WK051-2-L-48h-04D7_S5,fermented_beverages,3763,0.977145894,7
WK009-1-L-08h-01I6_S57,fermented_beverages,2999,0.956318773,6
WK054-1-L-48h-04E8_S15,fermented_beverages,4439,0.937148006,9
ERS1807708,fermented_beverages,1985,0.874559194,4
WK010-2-L-48h-02A4_S64,fermented_beverages,4083,0.87435709,7
WK064-1-L-08h-05A2_S54,fermented_beverages,3190,0.934169279,7
T-30,dairy,963,0.700934579,2
WK014-2-G-48h-01D8_S14,fermented_beverages,2275,0.830769231,4
DF_42,dairy,2543,0.731026347,7
P2639,dairy,2563,0.90714007,3
WK004-2-G-48h-01C7_S4,fermented_beverages,2371,1,5
WK013-2-L-48h-02B7_S76,fermented_beverages,2319,0.875377318,4
WK017-1-L-48h-02D3_S90,fermented_beverages,3080,0.901948052,6
WK021-1-L-08h-02E9_S105,fermented_beverages,2352,0.901360544,4
WK064-2-G-48h-05H7_S122,fermented_beverages,2523,0.93737614,5
WK012-2-G-48h-01D6_S12,fermented_beverages,1795,0.771587744,4
WK018T-2-L-48h-05G3_S109,fermented_beverages,1092,0.76007326,2
WK041-2-L-48h-03F8_S72,fermented_beverages,2011,0.840377921,4
WK053-2-L-48h-04E6_S13,fermented_beverages,3089,0.894464228,5
SRS5653132,fermented_grains_legumes_and_seeds,2129,0.877876938,4
SP009_71775,fermented_meat,5842,0.849024307,9
WK034-2-L-48h-03C7_S44,fermented_beverages,3002,0.836442372,5
WK037-2-L-48h-03E1_S56,fermented_beverages,1739,0.871765382,3
WK006-1-L-08h-01H3_S45,fermented_beverages,1667,0.898620276,3
WK010-2-L-08h-02A3_S63,fermented_beverages,2726,0.878943507,5
WK012-2-L-48h-02B3_S72,fermented_beverages,2576,0.854037267,5
WK018T-2-L-08h-05E9_S97,fermented_beverages,1134,0.76984127,2
WK018T-2-L-16h-05F4_S101,fermented_beverages,2318,0.897756687,4
P2640,dairy,3192,0.946428571,5
WK047-1-L-48h-03I3_S94,fermented_beverages,2945,0.921222411,5
WK010-1-L-08h-02A1_S61,fermented_beverages,2820,0.877659574,6
WK011-2-L-48h-02A8_S68,fermented_beverages,3524,1.114642452,7
WK014-2-L-08h-02C1_S79,fermented_beverages,2337,0.864356012,4
WK051-1-L-48h-04D5_S3,fermented_beverages,2489,0.93129771,5
WK053-1-L-08h-04E3_S10,fermented_beverages,2198,0.878980892,4
WK011-1-L-48h-02A6_S66,fermented_beverages,3094,1.057530705,6
ERS1807709,fermented_beverages,2897,0.713841905,6
WK001-2-L-08h-01F3_S27,fermented_beverages,2483,1.089005236,5
WK018-2-G-48h-01E3_S18,fermented_beverages,3707,0.915025627,7
WK018T-1-L-08h-05E8_S96,fermented_beverages,1162,0.7616179,2
WK037-2-G-48h-04B4_S113,fermented_beverages,2905,0.951462995,5
WK048-2-L-48h-03I9_S100,fermented_beverages,2684,1.141579732,7
WK014-1-L-48h-02B9_S78,fermented_beverages,2958,0.878296146,5
WK020-2-L-08h-02E7_S103,fermented_beverages,2568,0.855919003,5
SRS2706107,fermented_fruits_and_vegetables,754,0.797082228,2
AF82,fermented_tubers_and_roots,1451,0.914541695,6
WK013-2-L-08h-02B6_S75,fermented_beverages,1609,0.771908017,3
WK024-1-L-48h-02G7_S121,fermented_beverages,2735,0.925776965,6
WK051-2-L-08h-04D6_S4,fermented_beverages,2887,0.991686872,6
WK056-1-L-08h-04F6_S22,fermented_beverages,2497,1.083700441,5
WK006-2-L-08h-01H5_S47,fermented_beverages,1709,0.878876536,3
WK012-1-L-48h-02B1_S70,fermented_beverages,2450,0.856734694,5
WK029-2-L-08h-03A4_S23,fermented_beverages,1201,0.855120733,2
WK020-1-L-08h-02E5_S101,fermented_beverages,2299,0.812092214,5
WK003-1-L-08h-01F9_S33,fermented_beverages,1940,0.975773196,4
WK011-2-G-48h-01D5_S11,fermented_beverages,1885,0.946419098,3
WK034-1-L-48h-03C5_S42,fermented_beverages,3190,0.927899687,5
WK050-2-L-08h-04C9_S127,fermented_beverages,3251,1.041833282,7
WK046-2-L-48h-03I1_S92,fermented_beverages,1861,0.970445997,4
WK062-1-L-08h-04I3_S46,fermented_beverages,2287,0.883690424,4
WK003-2-L-48h-01G3_S36,fermented_beverages,3238,0.97282273,6
WK019-2-L-48h-02E4_S100,fermented_beverages,3641,0.951386982,8
WK037-1-L-08h-03D7_S53,fermented_beverages,1011,0.856577646,2
WK050-2-L-48h-04D1_S128,fermented_beverages,2644,1.029122542,6
WK034-1-L-08h-03C4_S41,fermented_beverages,2821,0.980503368,6
ERS1739840,dairy,2402,0.684429642,5
P2580,dairy,3662,0.916712179,4
SRS5653318,fermented_grains_legumes_and_seeds,1186,0.715008432,2
SRS3379169,fermented_fruits_and_vegetables,851,0.98119859,3
P2190_73322,dairy,936,0.627136752,2
SRS5653168,fermented_grains_legumes_and_seeds,1509,0.795891319,4
SRS5653013,fermented_grains_legumes_and_seeds,1216,0.898848684,3
P2188_73322,dairy,420,0.745238095,1
SRS5652913,fermented_grains_legumes_and_seeds,539,0.80890538,2
SRS5652970,fermented_grains_legumes_and_seeds,822,0.843065693,2
SRS5653126,fermented_grains_legumes_and_seeds,1820,0.795604396,3
ERS3967696,fermented_beverages,1721,0.794886694,4
SRS5653049,fermented_grains_legumes_and_seeds,757,0.836195509,2
SRS5653156,fermented_grains_legumes_and_seeds,1210,0.736363636,3
SRS5652972,fermented_grains_legumes_and_seeds,472,0.75,1
SRS5652926,fermented_grains_legumes_and_seeds,1359,0.835172921,3
SRS5653388,fermented_grains_legumes_and_seeds,571,0.690017513,2
SRS5653333,fermented_grains_legumes_and_seeds,1153,0.87424111,2
SRS5653346,fermented_grains_legumes_and_seeds,1152,0.708333333,2
SRS5653396,fermented_grains_legumes_and_seeds,1553,0.853831294,4
SRS5653393,fermented_grains_legumes_and_seeds,850,0.721176471,2
SRS5653217,fermented_grains_legumes_and_seeds,1897,0.851871376,4
SRS5653283,fermented_grains_legumes_and_seeds,717,0.541143654,3
DS_107,fermented_meat,3121,0.796539571,6
ERS3967737,fermented_fruits_and_vegetables,687,0.84279476,3
SRS5653094,fermented_grains_legumes_and_seeds,1587,0.776937618,3
950_Rush_Creek,dairy,2530,1.067193676,4
VB-16-M15,dairy,9325,0.95002681,22
VB-14-M17,dairy,8082,1.1145756,20
C06-18,fermented_meat,1367,0.896122897,4
626_Red_Hawk,dairy,2224,0.746402878,4
ERS3466789,dairy,2019,0.866270431,4
322_Camembert,dairy,1245,0.869879518,2
I-26,dairy,1101,0.632152589,1
SRS2920553,fermented_beverages,1718,0.698486612,3
SRS2920554,fermented_beverages,1720,0.696511628,3
I-24,dairy,836,0.58492823,1
L3,dairy,901,0.615982242,1
U2,dairy,981,0.582059123,1
P2184_73322,dairy,1109,0.619477006,1
SRS2920552,fermented_beverages,1706,0.700468933,3
P2189_73322,dairy,539,0.576994434,1
SRS1050145,fermented_fruits_and_vegetables,863,0.679026651,5
F8,dairy,953,0.621196222,1
N2,dairy,1487,0.652320108,2
P2187_73322,dairy,923,0.594799567,1
F2,dairy,1447,0.641326883,2
P2182_73322,dairy,815,0.602453988,1
P2485,dairy,1722,0.746225319,3
P2543,dairy,1063,0.622765757,2
R04-19,fermented_meat,2045,0.753545232,3
J2,dairy,1307,0.859219587,3
WK062-2-L-08h-04I5_S48,fermented_beverages,1802,0.887902331,4
ERS2068302,fermented_beverages,447,0.758389262,5
ERS1354638,dairy,391,0.764705882,1
AF38,fermented_grains_legumes_and_seeds,1055,0.921327014,3
VB02-26,dairy,672,0.735119048,2
WK026-2-L-48h-02I2_S12,fermented_beverages,3183,0.899151744,6
ERS1354636,dairy,400,0.7675,1
B8,dairy,1161,0.874246339,2
P2528,dairy,672,0.958333333,2
J10,dairy,494,0.767206478,1
RC17-04-AC,dairy,231,0.770562771,1
P2535,dairy,656,0.981707317,2
A8,dairy,506,0.776679842,1
A7,dairy,641,0.72074883,2
RC17-02,dairy,953,0.750262329,3
VB09-24,dairy,439,0.756264237,1
P2532,dairy,656,0.975609756,2
P2158_73322,dairy,978,0.983640082,3
P2518,dairy,754,0.706896552,2
P2530,dairy,501,0.790419162,1
F6,dairy,486,0.783950617,1
P3,dairy,1036,0.691119691,3
P2527,dairy,305,0.77704918,1
VB09-25,dairy,430,0.748837209,1
VB09-26,dairy,456,0.747807018,1
SF009_71775,fermented_meat,1036,0.755791506,3
VB02-25,dairy,684,0.736842105,2
P2529,dairy,486,0.783950617,1
WK054-2-L-48h-04F1_S17,fermented_beverages,3316,0.976176116,6
WK021-2-L-08h-02F2_S107,fermented_beverages,1018,0.784872299,3
P2484,dairy,769,0.769830949,2
WK019-1-L-08h-02E1_S97,fermented_beverages,2084,0.857485605,4
WK019-2-G-48h-01E4_S19,fermented_beverages,2517,0.925307906,5
TGS01-28,dairy,1084,0.815498155,3
WK009-2-L-08h-01I8_S59,fermented_beverages,2297,0.933826731,5
SRS5652931,fermented_grains_legumes_and_seeds,865,0.840462428,2
P2523,dairy,311,0.768488746,1
WK019-1-L-48h-02E2_S98,fermented_beverages,2605,0.900575816,6
ERS3466761,dairy,811,0.742293465,2
WK058-2-L-48h-04G8_S33,fermented_beverages,2850,0.951578947,5
WK002-2-G-48h-01C5_S1,fermented_beverages,1755,0.821652422,3
ERS1354648,dairy,774,0.895348837,2
WK017-1-L-08h-02D2_S89,fermented_beverages,2103,0.8340466,4
F9,dairy,334,0.781437126,1
WK023-1-L-08h-02G2_S116,fermented_beverages,1188,0.914141414,2
ERS3466730,dairy,504,0.857142857,1
P2534,dairy,685,0.986861314,2
WK002-2-G-48h-01C5_S133,fermented_beverages,1593,0.819836786,3
WK002-2-G-48h-01C5_S2,fermented_beverages,1691,0.815493791,3
WK023-1-L-48h-02G3_S117,fermented_beverages,1179,0.911789652,2
P2477,dairy,489,0.852760736,1
P2525,dairy,777,0.674388674,2
WK023-2-L-08h-02G4_S118,fermented_beverages,1215,0.911111111,2
ERS1354642,dairy,229,0.755458515,1
ERS3967710,fermented_fruits_and_vegetables,493,0.827586207,2
WK019-2-L-08h-02E3_S99,fermented_beverages,2435,0.884188912,5
WK033-1-L-08h-03B9_S37,fermented_beverages,5024,0.828423567,8
WK003-2-L-08h-01G2_S35,fermented_beverages,1693,1.002953337,3
WK002-2-L-48h-01F8_S32,fermented_beverages,2411,0.854002489,4
ERS3967730,fermented_fruits_and_vegetables,458,0.864628821,1
ERS2068301,fermented_beverages,695,0.739568345,6
AF03,fermented_tubers_and_roots,597,0.844221106,3
WK012-1-L-08h-02A9_S69,fermented_beverages,1967,0.880528724,4
WK029-1-L-08h-03A2_S21,fermented_beverages,875,0.846857143,2
WK062-2-L-48h-04I6_S49,fermented_beverages,2195,0.896583144,5
WK055-1-L-48h-04F3_S19,fermented_beverages,1564,0.976342711,3
WK012-2-L-08h-02B2_S71,fermented_beverages,1943,0.875450335,4
WK014-1-L-08h-02B8_S77,fermented_beverages,1859,0.874125874,4
WK028-2-L-08h-02I9_S19,fermented_beverages,2040,1.023529412,4
WK061-1-L-48h-04H9_S43,fermented_beverages,657,0.937595129,1
WK028-1-L-08h-02I7_S17,fermented_beverages,2038,1.022080471,4
WK061-2-L-48h-04I2_S45,fermented_beverages,1125,0.938666667,2
WK061-2-G-48h-05H4_S119,fermented_beverages,783,0.928480204,2
WK065-2-G-48h-05H9_S124,fermented_beverages,662,0.941087613,1
WK065-2-L-08h-05B3_S64,fermented_beverages,1301,0.948501153,2
WK023-2-G-48h-01E8_S23,fermented_beverages,996,0.920682731,2
WK028-2-L-48h-03A1_S20,fermented_beverages,2793,0.941281776,5
WK061-1-L-08h-04H8_S42,fermented_beverages,574,0.921602787,2
WK065-1-L-08h-05B1_S62,fermented_beverages,1310,0.951145038,2
WK028-1-L-48h-02I8_S18,fermented_beverages,2803,0.939707456,5
WK028-2-G-48h-04A4_S104,fermented_beverages,3245,0.946995378,6
AF05,fermented_grains_legumes_and_seeds,456,0.728070175,1
AF60,fermented_grains_legumes_and_seeds,476,0.731092437,1
AF78,fermented_grains_legumes_and_seeds,1253,0.717478053,4
SG007_71775,fermented_meat,381,0.832020997,1
AF50,fermented_grains_legumes_and_seeds,419,0.742243437,1
SF007_71775,fermented_meat,548,0.890510949,2
DRS139333,alcohol,1346,0.890787519,3
AF61,fermented_grains_legumes_and_seeds,235,0.723404255,1
SC012_71775,fermented_meat,4245,0.850883392,7
AF44,fermented_tubers_and_roots,1267,0.794001579,5
CSB737,dairy,2233,1.025974026,4
WK013-1-L-08h-02B4_S73,fermented_beverages,1768,0.791289593,3
VB11-23,dairy,509,0.781925344,1
P2561,dairy,1521,0.808678501,4
ERS3967693,fermented_tubers_and_roots,871,0.714121699,2
B3W,alcohol,1137,0.36235708,1
WK067-1-L-08h-05B9_S70,fermented_beverages,1633,0.510716473,2
WK069-2-G-48h-05I4_S128,fermented_beverages,1423,0.511595221,3
DF_59,dairy,3645,0.709739369,6
WK066-2-L-08h-05B7_S68,fermented_beverages,1331,0.343350864,1
C03-18,fermented_meat,730,0.921917808,2
F01-18,fermented_meat,781,0.871959027,2
R02-19,fermented_meat,630,0.977777778,1
C03-19,fermented_meat,1797,0.86032276,4
R04-18,fermented_meat,1048,0.839694656,2
R01-18,fermented_meat,1014,0.934911243,2
R01-19,fermented_meat,712,0.907303371,3
R02-18,fermented_meat,568,0.980633803,1
C06-19,fermented_meat,740,0.917567568,2
F01-19,fermented_meat,366,0.784153005,2
VB-03-BD,dairy,5046,0.930241776,9
DS_89,fermented_meat,1491,0.756539235,2
SRS4562503,fermented_grains_legumes_and_seeds,1722,0.745063879,6
C07-19,fermented_meat,2957,0.686506595,6
ERS2032128,dairy,717,0.959553696,1
ERS3466749,dairy,477,0.551362683,3
DF_18,dairy,2979,0.806982209,6
337_Mileens,dairy,2247,0.837561193,4
ERS3466790,dairy,1375,0.739636364,3
316_Langre,dairy,1816,0.723017621,3
WK042-2-G-48h-04B9_S118,fermented_beverages,588,0.649659864,1
WK042-1-L-08h-03F9_S73,fermented_beverages,1018,0.778978389,2
AF21,alcohol,826,0.629539952,3
AF91,alcohol,1183,0.685545224,4
WK042-2-L-48h-03G3_S76,fermented_beverages,1248,0.804487179,2
WK042-2-L-08h-03G2_S75,fermented_beverages,572,0.648601399,1
WK042-1-L-48h-03G1_S74,fermented_beverages,1278,0.805164319,2
AF19,alcohol,847,0.622195986,3
AF23,alcohol,950,0.635789474,4
WK018T-1-L-00h-05D5_S84,fermented_beverages,415,0.742168675,1
WK018T-2-L-00h-05D6_S85,fermented_beverages,578,0.737024221,1
WK008-1-L-48h-01I3_S54,fermented_beverages,341,0.7771261,2
WK008-2-L-08h-01I4_S55,fermented_beverages,391,0.744245524,2
injera_E2,fermented_grains_legumes_and_seeds,986,1.127789047,3
WK067-2-L-48h-05C3_S73,fermented_beverages,1226,0.920880914,2
WK040-2-L-08h-03F3_S67,fermented_beverages,2267,0.974415527,3
B3M,alcohol,779,1.128369705,2
WK040-1-L-48h-03F2_S66,fermented_beverages,2140,0.942523364,3
G10,dairy,945,0.830687831,2
WK040-2-L-48h-03F4_S68,fermented_beverages,2387,0.989526602,3
G12,dairy,667,0.934032984,1
B9M,alcohol,1062,1.077212806,3
WK052-1-L-08h-04D8_S6,fermented_beverages,645,0.941085271,1
WK052-1-L-48h-04D9_S7,fermented_beverages,685,0.940145985,1
SRS5653399,fermented_grains_legumes_and_seeds,691,0.936324168,3
ERS3466727,dairy,959,0.980187696,3
ERS3967726,dairy,674,0.62611276,1
VB12-F-BR,dairy,10894,1.009179365,21
873_Challerhocker,dairy,2229,0.970838941,4
P2641,dairy,993,0.993957704,1
DF_25,dairy,3544,0.934819413,2
DF_74,dairy,1954,0.981064483,1
B13M,alcohol,1374,0.941048035,3
WK061-2-L-08h-04I1_S44,fermented_beverages,127,0.881889764,1
E2,dairy,998,0.641282565,2
DS_13,fermented_meat,3055,0.890671031,4
WK049-1-L-48h-05A7_S59,fermented_beverages,763,0.871559633,2
CSB739,dairy,1496,0.792112299,2
CSB307,dairy,1518,0.795783926,2
WK040-2-G-48h-04B7_S116,fermented_beverages,2429,0.939069576,2
ERS3967713,fermented_fruits_and_vegetables,317,0.798107256,1
P2553,dairy,171,0.865497076,1
AF81,fermented_tubers_and_roots,2294,0.857890148,6
C04-19,fermented_meat,305,0.944262295,1
SRS4562502,fermented_grains_legumes_and_seeds,2152,0.70027881,7
AF15,fermented_tubers_and_roots,972,0.703703704,6
SRS4562501,fermented_grains_legumes_and_seeds,781,1.354673496,3
AF56,fermented_grains_legumes_and_seeds,1140,0.371052632,5
AF47,fermented_grains_legumes_and_seeds,1419,0.504580691,5
NM20-2,dairy,951,0.984227129,1
NM21-3,dairy,821,0.984165652,1
ERS3967732,fermented_fruits_and_vegetables,739,0.967523681,1
NM18-1,dairy,1230,0.909756098,2
NM21-2,dairy,1014,0.882642998,2
NM21-1,dairy,785,0.989808917,1
NM20-1,dairy,1065,0.914553991,2
AF83,fermented_grains_legumes_and_seeds,1317,0.325740319,4
AF52,fermented_grains_legumes_and_seeds,1196,0.468227425,4
SRS1779539,fermented_meat,768,0.608072917,1
SRS1779552,fermented_meat,707,0.611032532,1
DF_58,dairy,2174,0.845906164,6
ERS3466744,dairy,561,0.643493761,1
AF09,fermented_tubers_and_roots,1432,0.356145251,4
SRS5653248,fermented_grains_legumes_and_seeds,839,0.94874851,3
AF41,fermented_grains_legumes_and_seeds,706,1.080736544,5
SRS5653250,fermented_grains_legumes_and_seeds,325,0.972307692,1
ERS3967703,fermented_tubers_and_roots,538,0.611524164,3
SRS5653276,fermented_grains_legumes_and_seeds,335,0.973134328,1
SRS5653219,fermented_grains_legumes_and_seeds,353,0.974504249,1
SRS5653198,fermented_grains_legumes_and_seeds,706,0.796033994,2
N-28.0,dairy,318,0.751572327,1
SRS5653047,fermented_grains_legumes_and_seeds,353,0.974504249,1
VB14-28,dairy,353,0.750708215,1
VB15-24,dairy,387,0.754521964,1
ERS3967720,dairy,754,0.571618037,3
SRS5652933,fermented_grains_legumes_and_seeds,396,0.904040404,1
ERS3466756,dairy,581,0.700516351,2
B24M,alcohol,625,0.92,2
AF24,fermented_grains_legumes_and_seeds,1618,0.410383189,4
SRS6525483,dairy,459,0.566448802,1
TGS10-23,dairy,289,0.539792388,1
VB03-26,dairy,290,0.568965517,1
Q04-23,dairy,602,0.566445183,2
P2563,dairy,404,0.556930693,1
SRS6525481,dairy,374,0.553475936,1
ERS3967743,dairy,786,0.617048346,2
VB07-24,dairy,295,0.549152542,1
ERS3967694,fermented_fruits_and_vegetables,232,0.426724138,2
NM20-3,dairy,991,0.948536831,2
AF80,fermented_grains_legumes_and_seeds,988,0.269230769,2
AF10,fermented_grains_legumes_and_seeds,1077,0.333333333,4
AF48,fermented_grains_legumes_and_seeds,1057,0.352885525,3
AF58,fermented_grains_legumes_and_seeds,1179,0.432569975,5
U-21,dairy,236,0.745762712,1
AF33,fermented_grains_legumes_and_seeds,423,0.754137116,1
WK049-2-L-08h-05A8_S60,fermented_beverages,436,0.71559633,1
WK049-1-L-08h-05A6_S58,fermented_beverages,434,0.705069124,1
ERS3967706,fermented_grains_legumes_and_seeds,382,0.565445026,2
AF43,fermented_grains_legumes_and_seeds,791,0.93426043,7
ERS3967745,fermented_fruits_and_vegetables,263,0.669201521,2
ERS3967695,fermented_fruits_and_vegetables,553,0.627486438,3
SRS5803192,fermented_fish,55,1.236363636,6
SRS5803193,fermented_fish,39,1.256410256,7
C02-18,fermented_meat,195,0.943589744,1
DF_32,dairy,1603,0.935121647,4
DF_17,dairy,435,0.505747126,1
SRS1779549,fermented_meat,537,0.52886406,1
SRS1779542,fermented_meat,484,0.512396694,1
DS_81,fermented_meat,550,0.752727273,2
CSB726,dairy,686,0.597667638,1
ERS3466747,dairy,1533,1.228310502,3
ERS3466791,dairy,603,0.618573798,1
705_Forme_dAmbert,dairy,1126,1.204262877,3
ERS3466737,dairy,1357,0.762711864,5
Q05-25,dairy,801,0.801498127,2
AF37,fermented_grains_legumes_and_seeds,648,0.851851852,2
ERS3967731,fermented_fruits_and_vegetables,442,0.604072398,1
AF86,fermented_grains_legumes_and_seeds,365,0.690410959,1
ERS1739834,dairy,524,0.666030534,1
ERS1739836,dairy,654,0.689602446,2
ERS1739832,dairy,462,0.677489177,1
L10,dairy,265,0.554716981,1
P2173_73322,dairy,478,0.610878661,1
SRS5803194,fermented_fish,75,0.973333333,8
AF20,fermented_grains_legumes_and_seeds,163,0.760736196,1
ERS4361128,dairy,402,0.676616915,1
S-21,dairy,308,0.681818182,1
AF12,fermented_grains_legumes_and_seeds,780,0.720512821,2
NM17-3,dairy,370,0.556756757,1
SRS5653128,fermented_grains_legumes_and_seeds,842,0.660332542,2
SRS5653081,fermented_grains_legumes_and_seeds,583,0.682675815,2
TGS05-29_0,dairy,91,0.32967033,1
SRS5653255,fermented_grains_legumes_and_seeds,183,0.907103825,1
ERS2068298,fermented_beverages,264,0.799242424,3
DF_43,dairy,444,0.675675676,1
C6,dairy,415,0.693975904,1
D-27.0,dairy,174,0.626436782,1
B5,dairy,399,0.679197995,1
ERS1354644,dairy,345,0.704347826,1
L2,dairy,450,0.691111111,1
D3,dairy,379,0.691292876,1
VB02-24,dairy,418,0.684210526,1
N11,dairy,252,0.670634921,1
C7,dairy,248,0.661290323,1
ERS3967734,fermented_tubers_and_roots,58,0.413793103,3
ERS1354645,dairy,323,0.687306502,1
H2,dairy,348,0.640804598,1
ERS2068300,fermented_beverages,81,0.641975309,2
SRS5803191,fermented_fish,23,0.826086957,2
